

SET SQL_MODE = "NO_AUTO_VALUE_ON_ZERO";
START TRANSACTION;
SET time_zone = "+00:00";


--
-- Base de données : `fiche_securite`
--

-- --------------------------------------------------------

--
-- Structure de la table `ficheentete`
--

DROP TABLE IF EXISTS `ficheentete`;
CREATE TABLE IF NOT EXISTS `ficheentete` (
  `id` bigint(20) UNSIGNED NOT NULL AUTO_INCREMENT,
  `Date` date NOT NULL,
  `id_utilisateur` int(11) NOT NULL,
  `id_montee` int(11) NOT NULL,
  `Heure_debut` time NOT NULL,
  `ZoneActuelle` int(11) NOT NULL,
  `Heure_fin` time DEFAULT NULL,
  `Validation` int(11) DEFAULT NULL,
  PRIMARY KEY (`id`),
  UNIQUE KEY `id` (`id`)
) ENGINE=MyISAM AUTO_INCREMENT=13 DEFAULT CHARSET=utf8;

--
-- Déchargement des données de la table `ficheentete`
--

INSERT INTO `ficheentete` (`id`, `Date`, `id_utilisateur`, `id_montee`, `Heure_debut`, `ZoneActuelle`, `Heure_fin`, `Validation`) VALUES
(11, '2022-05-17', 3, 40103, '11:10:17', 13, '11:11:09', 2),
(12, '2022-06-17', 3, 40103, '11:30:15', 13, '15:19:58', 1);

-- --------------------------------------------------------

--
-- Structure de la table `fichequestion`
--

DROP TABLE IF EXISTS `fichequestion`;
CREATE TABLE IF NOT EXISTS `fichequestion` (
  `id` bigint(20) UNSIGNED NOT NULL AUTO_INCREMENT,
  `id_fiche` int(11) NOT NULL,
  `id_question` int(11) NOT NULL,
  `Etage` int(11) DEFAULT NULL,
  `occ` int(11) NOT NULL,
  `id_zone` int(11) NOT NULL,
  `id_type` int(11) NOT NULL,
  `id_reponse` int(11) NOT NULL,
  `commentaire` varchar(500) DEFAULT NULL,
  `id_reponse_modif` int(11) DEFAULT NULL,
  `date_derniere_modif` date DEFAULT NULL,
  `id_utilisateur_derniere_modif` int(11) DEFAULT NULL,
  PRIMARY KEY (`id`),
  UNIQUE KEY `id` (`id`)
) ENGINE=MyISAM AUTO_INCREMENT=1245 DEFAULT CHARSET=utf8;

--
-- Déchargement des données de la table `fichequestion`
--

INSERT INTO `fichequestion` (`id`, `id_fiche`, `id_question`, `Etage`, `occ`, `id_zone`, `id_type`, `id_reponse`, `commentaire`, `id_reponse_modif`, `date_derniere_modif`, `id_utilisateur_derniere_modif`) VALUES
(1194, 12, 47, NULL, 6, 4, 3, 497, NULL, NULL, NULL, NULL),
(1195, 12, 48, NULL, 6, 4, 4, 501, NULL, NULL, NULL, NULL),
(1196, 12, 49, NULL, 6, 4, 4, 504, NULL, NULL, NULL, NULL),
(1197, 12, 50, NULL, 6, 4, 4, 508, NULL, NULL, NULL, NULL),
(1198, 12, 51, NULL, 6, 4, 6, 512, NULL, NULL, NULL, NULL),
(1199, 12, 52, NULL, 6, 4, 6, 514, NULL, NULL, NULL, NULL),
(1200, 12, 53, NULL, 6, 4, 5, 517, NULL, NULL, NULL, NULL),
(1201, 12, 54, NULL, 7, 5, 1, 519, NULL, NULL, NULL, NULL),
(1202, 12, 55, NULL, 7, 5, 1, 523, NULL, NULL, NULL, NULL),
(1203, 12, 56, NULL, 7, 5, 1, 528, NULL, NULL, NULL, NULL),
(1204, 12, 57, NULL, 7, 5, 3, 532, NULL, NULL, NULL, NULL),
(1205, 12, 58, NULL, 7, 5, 3, 538, NULL, NULL, NULL, NULL),
(1206, 12, 59, NULL, 7, 5, 4, 542, NULL, NULL, NULL, NULL),
(1207, 12, 60, NULL, 7, 5, 4, 545, NULL, NULL, NULL, NULL),
(1208, 12, 61, NULL, 7, 5, 4, 549, NULL, NULL, NULL, NULL),
(1209, 12, 62, NULL, 7, 5, 4, 552, NULL, NULL, NULL, NULL),
(1210, 12, 63, NULL, 7, 5, 6, 554, NULL, NULL, NULL, NULL),
(1211, 12, 64, NULL, 8, 6, 1, 556, NULL, NULL, NULL, NULL),
(1212, 12, 65, NULL, 8, 6, 1, 560, NULL, NULL, NULL, NULL),
(1213, 12, 66, NULL, 8, 6, 1, 565, NULL, NULL, NULL, NULL),
(1214, 12, 67, NULL, 8, 6, 3, 569, NULL, NULL, NULL, NULL),
(1215, 12, 68, NULL, 8, 6, 3, 575, NULL, NULL, NULL, NULL),
(1216, 12, 69, NULL, 8, 6, 4, 579, NULL, NULL, NULL, NULL),
(1217, 12, 70, NULL, 8, 6, 4, 582, NULL, NULL, NULL, NULL),
(1218, 12, 71, NULL, 8, 6, 4, 586, NULL, NULL, NULL, NULL),
(1219, 12, 72, NULL, 8, 6, 4, 589, NULL, NULL, NULL, NULL),
(1220, 12, 73, NULL, 8, 6, 6, 591, NULL, NULL, NULL, NULL),
(1221, 12, 64, NULL, 9, 6, 1, 556, NULL, NULL, NULL, NULL),
(1222, 12, 65, NULL, 9, 6, 1, 560, NULL, NULL, NULL, NULL),
(1223, 12, 66, NULL, 9, 6, 1, 565, NULL, NULL, NULL, NULL),
(1224, 12, 67, NULL, 9, 6, 3, 569, NULL, NULL, NULL, NULL),
(1225, 12, 68, NULL, 9, 6, 3, 575, NULL, NULL, NULL, NULL),
(1226, 12, 69, NULL, 9, 6, 4, 579, NULL, NULL, NULL, NULL),
(1227, 12, 70, NULL, 9, 6, 4, 582, NULL, NULL, NULL, NULL),
(1228, 12, 71, NULL, 9, 6, 4, 586, NULL, NULL, NULL, NULL),
(1229, 12, 72, NULL, 9, 6, 4, 589, NULL, NULL, NULL, NULL),
(1230, 12, 73, NULL, 9, 6, 6, 591, NULL, NULL, NULL, NULL),
(1231, 12, 74, NULL, 10, 7, 5, 593, NULL, NULL, NULL, NULL),
(1232, 12, 75, NULL, 10, 7, 5, 595, NULL, NULL, NULL, NULL),
(1233, 12, 76, NULL, 11, 8, 1, 599, NULL, NULL, NULL, NULL),
(1234, 12, 77, NULL, 11, 8, 1, 601, NULL, NULL, NULL, NULL),
(1235, 12, 78, NULL, 11, 8, 1, 605, NULL, NULL, NULL, NULL),
(1236, 12, 79, NULL, 11, 8, 1, 606, NULL, NULL, NULL, NULL),
(1237, 12, 80, NULL, 11, 8, 1, 608, NULL, NULL, NULL, NULL),
(1238, 12, 81, NULL, 11, 8, 1, 614, NULL, NULL, NULL, NULL),
(1239, 12, 82, NULL, 11, 8, 1, 618, NULL, NULL, NULL, NULL),
(1240, 12, 83, NULL, 11, 8, 1, 621, NULL, NULL, NULL, NULL),
(1241, 12, 84, NULL, 12, 9, 7, 623, NULL, NULL, NULL, NULL),
(1242, 12, 85, NULL, 12, 9, 7, 624, NULL, NULL, NULL, NULL),
(1243, 12, 86, NULL, 12, 9, 7, 629, NULL, NULL, NULL, NULL),
(1244, 12, 87, NULL, 12, 9, 3, 632, NULL, NULL, NULL, NULL),
(1193, 12, 46, NULL, 6, 4, 3, 489, NULL, NULL, NULL, NULL),
(1185, 12, 38, NULL, 5, 3, 3, 461, NULL, NULL, NULL, NULL),
(1186, 12, 39, NULL, 5, 3, 3, 467, NULL, NULL, NULL, NULL),
(1187, 12, 40, NULL, 5, 3, 4, 471, NULL, NULL, NULL, NULL),
(1188, 12, 41, NULL, 5, 3, 4, 474, NULL, NULL, NULL, NULL),
(1189, 12, 42, NULL, 5, 3, 4, 477, NULL, NULL, NULL, NULL),
(1190, 12, 43, NULL, 5, 3, 4, 481, NULL, NULL, NULL, NULL),
(1191, 12, 44, NULL, 5, 3, 6, 483, NULL, NULL, NULL, NULL),
(1192, 12, 45, NULL, 6, 4, 1, 487, NULL, NULL, NULL, NULL),
(1140, 12, 14, 2, 2, 1, 4, 370, NULL, NULL, NULL, NULL),
(1141, 12, 15, 2, 2, 1, 4, 371, NULL, NULL, NULL, NULL),
(1142, 12, 16, 2, 2, 1, 4, 378, NULL, NULL, NULL, NULL),
(1143, 12, 17, 2, 2, 1, 4, 382, NULL, NULL, NULL, NULL),
(1144, 12, 18, 2, 2, 1, 5, 385, NULL, NULL, NULL, NULL),
(1145, 12, 19, 2, 2, 1, 5, 389, NULL, NULL, NULL, NULL),
(1146, 12, 20, 2, 2, 1, 5, 392, NULL, NULL, NULL, NULL),
(1147, 12, 1, 1, 3, 1, 1, 321, NULL, NULL, NULL, NULL),
(1148, 12, 2, 1, 3, 1, 1, 326, NULL, NULL, NULL, NULL),
(1149, 12, 3, 1, 3, 1, 1, 328, NULL, NULL, NULL, NULL),
(1150, 12, 4, 1, 3, 1, 1, 333, NULL, NULL, NULL, NULL),
(1151, 12, 5, 1, 3, 1, 1, 337, NULL, NULL, NULL, NULL),
(1152, 12, 6, 1, 3, 1, 1, 339, NULL, NULL, NULL, NULL),
(1153, 12, 7, 1, 3, 1, 1, 343, NULL, NULL, NULL, NULL),
(1154, 12, 8, 1, 3, 1, 1, 345, NULL, NULL, NULL, NULL),
(1155, 12, 9, 1, 3, 1, 2, 349, NULL, NULL, NULL, NULL),
(1156, 12, 10, 1, 3, 1, 2, 353, NULL, NULL, NULL, NULL),
(1157, 12, 11, 1, 3, 1, 2, 357, NULL, NULL, NULL, NULL),
(1158, 12, 12, 1, 3, 1, 3, 360, NULL, NULL, NULL, NULL),
(1159, 12, 13, 1, 3, 1, 3, 366, NULL, NULL, NULL, NULL),
(1160, 12, 13, 1, 3, 1, 3, 366, NULL, NULL, NULL, NULL),
(1161, 12, 14, 1, 3, 1, 4, 370, NULL, NULL, NULL, NULL),
(1162, 12, 15, 1, 3, 1, 4, 373, NULL, NULL, NULL, NULL),
(1163, 12, 16, 1, 3, 1, 4, 378, NULL, NULL, NULL, NULL),
(1164, 12, 17, 1, 3, 1, 4, 382, NULL, NULL, NULL, NULL),
(1165, 12, 18, 1, 3, 1, 5, 385, NULL, NULL, NULL, NULL),
(1166, 12, 19, 1, 3, 1, 5, 389, NULL, NULL, NULL, NULL),
(1167, 12, 20, 1, 3, 1, 5, 392, NULL, NULL, NULL, NULL),
(1168, 12, 21, NULL, 4, 2, 1, 394, NULL, NULL, NULL, NULL),
(1169, 12, 22, NULL, 4, 2, 1, 395, NULL, NULL, NULL, NULL),
(1170, 12, 23, NULL, 4, 2, 1, 401, NULL, NULL, NULL, NULL),
(1171, 12, 24, NULL, 4, 2, 1, 403, NULL, NULL, NULL, NULL),
(1172, 12, 25, NULL, 4, 2, 1, 408, NULL, NULL, NULL, NULL),
(1173, 12, 26, NULL, 4, 2, 1, 412, NULL, NULL, NULL, NULL),
(1174, 12, 27, NULL, 4, 2, 3, 415, NULL, NULL, NULL, NULL),
(1175, 12, 28, NULL, 4, 2, 3, 421, NULL, NULL, NULL, NULL),
(1176, 12, 29, NULL, 4, 2, 4, 425, NULL, NULL, NULL, NULL),
(1177, 12, 30, NULL, 4, 2, 4, 427, NULL, NULL, NULL, NULL),
(1178, 12, 31, NULL, 4, 2, 4, 434, NULL, NULL, NULL, NULL),
(1179, 12, 32, NULL, 4, 2, 4, 438, NULL, NULL, NULL, NULL),
(1180, 12, 33, NULL, 4, 2, 4, 443, NULL, NULL, NULL, NULL),
(1181, 12, 34, NULL, 4, 2, 5, 446, NULL, NULL, NULL, NULL),
(1182, 12, 35, NULL, 5, 3, 1, 448, NULL, NULL, NULL, NULL),
(1183, 12, 36, NULL, 5, 3, 1, 452, NULL, NULL, NULL, NULL),
(1184, 12, 37, NULL, 5, 3, 1, 455, NULL, NULL, NULL, NULL),
(1139, 12, 13, 2, 2, 1, 3, 366, NULL, NULL, NULL, NULL),
(1137, 12, 11, 2, 2, 1, 2, 357, NULL, NULL, NULL, NULL),
(1138, 12, 12, 2, 2, 1, 3, 360, NULL, NULL, NULL, NULL),
(1061, 11, 65, NULL, 9, 6, 1, 560, NULL, NULL, NULL, NULL),
(1062, 11, 66, NULL, 9, 6, 1, 565, NULL, NULL, NULL, NULL),
(1063, 11, 67, NULL, 9, 6, 3, 569, NULL, NULL, NULL, NULL),
(1064, 11, 68, NULL, 9, 6, 3, 575, NULL, NULL, NULL, NULL),
(1065, 11, 69, NULL, 9, 6, 4, 579, NULL, NULL, NULL, NULL),
(1066, 11, 70, NULL, 9, 6, 4, 582, NULL, NULL, NULL, NULL),
(1067, 11, 71, NULL, 9, 6, 4, 586, NULL, NULL, NULL, NULL),
(1068, 11, 72, NULL, 9, 6, 4, 589, NULL, NULL, NULL, NULL),
(1069, 11, 73, NULL, 9, 6, 6, 591, NULL, NULL, NULL, NULL),
(1070, 11, 74, NULL, 10, 7, 5, 593, NULL, NULL, NULL, NULL),
(1071, 11, 75, NULL, 10, 7, 5, 595, NULL, NULL, NULL, NULL),
(1072, 11, 76, NULL, 11, 8, 1, 599, NULL, NULL, NULL, NULL),
(1073, 11, 77, NULL, 11, 8, 1, 601, NULL, NULL, NULL, NULL),
(1074, 11, 78, NULL, 11, 8, 1, 605, NULL, NULL, NULL, NULL),
(1075, 11, 79, NULL, 11, 8, 1, 606, NULL, NULL, NULL, NULL),
(1076, 11, 80, NULL, 11, 8, 1, 612, NULL, NULL, NULL, NULL),
(1077, 11, 81, NULL, 11, 8, 1, 614, NULL, NULL, NULL, NULL),
(1078, 11, 82, NULL, 11, 8, 1, 618, NULL, NULL, NULL, NULL),
(1079, 11, 83, NULL, 11, 8, 1, 621, NULL, NULL, NULL, NULL),
(1080, 11, 84, NULL, 12, 9, 7, 623, NULL, NULL, NULL, NULL),
(1081, 11, 85, NULL, 12, 9, 7, 626, NULL, NULL, NULL, NULL),
(1082, 11, 86, NULL, 12, 9, 7, 629, NULL, NULL, NULL, NULL),
(1083, 11, 87, NULL, 12, 9, 3, 632, NULL, NULL, NULL, NULL),
(1084, 12, 1, 4, 0, 1, 1, 319, NULL, NULL, NULL, NULL),
(1085, 12, 2, 4, 0, 1, 1, 326, NULL, NULL, NULL, NULL),
(1086, 12, 2, 4, 0, 1, 1, 326, NULL, NULL, NULL, NULL),
(1087, 12, 3, 4, 0, 1, 1, 330, NULL, NULL, NULL, NULL),
(1088, 12, 4, 4, 0, 1, 1, 333, NULL, NULL, NULL, NULL),
(1089, 12, 5, 4, 0, 1, 1, 337, NULL, NULL, NULL, NULL),
(1090, 12, 6, 4, 0, 1, 1, 339, NULL, NULL, NULL, NULL),
(1091, 12, 7, 4, 0, 1, 1, 343, NULL, NULL, NULL, NULL),
(1092, 12, 8, 4, 0, 1, 1, 345, NULL, NULL, NULL, NULL),
(1093, 12, 9, 4, 0, 1, 2, 349, NULL, NULL, NULL, NULL),
(1094, 12, 10, 4, 0, 1, 2, 353, NULL, NULL, NULL, NULL),
(1095, 12, 11, 4, 0, 1, 2, 357, NULL, NULL, NULL, NULL),
(1096, 12, 12, 4, 0, 1, 3, 360, NULL, NULL, NULL, NULL),
(1097, 12, 13, 4, 0, 1, 3, 366, NULL, NULL, NULL, NULL),
(1098, 12, 14, 4, 0, 1, 4, 370, NULL, NULL, NULL, NULL),
(1099, 12, 15, 4, 0, 1, 4, 374, NULL, NULL, NULL, NULL),
(1100, 12, 16, 4, 0, 1, 4, 378, NULL, NULL, NULL, NULL),
(1101, 12, 17, 4, 0, 1, 4, 382, NULL, NULL, NULL, NULL),
(1102, 12, 18, 4, 0, 1, 5, 385, NULL, NULL, NULL, NULL),
(1103, 12, 19, 4, 0, 1, 5, 389, NULL, NULL, NULL, NULL),
(1104, 12, 20, 4, 0, 1, 5, 392, NULL, NULL, NULL, NULL),
(1105, 12, 1, 3, 1, 1, 1, 321, NULL, NULL, NULL, NULL),
(1106, 12, 2, 3, 1, 1, 1, 323, NULL, NULL, NULL, NULL),
(1107, 12, 3, 3, 1, 1, 1, 330, NULL, NULL, NULL, NULL),
(1108, 12, 4, 3, 1, 1, 1, 333, NULL, NULL, NULL, NULL),
(1109, 12, 5, 3, 1, 1, 1, 337, NULL, NULL, NULL, NULL),
(1110, 12, 6, 3, 1, 1, 1, 339, NULL, NULL, NULL, NULL),
(1111, 12, 7, 3, 1, 1, 1, 342, NULL, NULL, NULL, NULL),
(1112, 12, 8, 3, 1, 1, 1, 345, NULL, NULL, NULL, NULL),
(1113, 12, 9, 3, 1, 1, 2, 349, NULL, NULL, NULL, NULL),
(1114, 12, 10, 3, 1, 1, 2, 353, NULL, NULL, NULL, NULL),
(1115, 12, 11, 3, 1, 1, 2, 357, NULL, NULL, NULL, NULL),
(1116, 12, 12, 3, 1, 1, 3, 360, NULL, NULL, NULL, NULL),
(1117, 12, 13, 3, 1, 1, 3, 366, NULL, NULL, NULL, NULL),
(1118, 12, 13, 3, 1, 1, 3, 366, NULL, NULL, NULL, NULL),
(1119, 12, 14, 3, 1, 1, 4, 370, NULL, NULL, NULL, NULL),
(1120, 12, 15, 3, 1, 1, 4, 374, NULL, NULL, NULL, NULL),
(1121, 12, 16, 3, 1, 1, 4, 378, NULL, NULL, NULL, NULL),
(1122, 12, 17, 3, 1, 1, 4, 381, NULL, NULL, NULL, NULL),
(1123, 12, 18, 3, 1, 1, 5, 385, NULL, NULL, NULL, NULL),
(1124, 12, 19, 3, 1, 1, 5, 388, NULL, NULL, NULL, NULL),
(1125, 12, 20, 3, 1, 1, 5, 392, NULL, NULL, NULL, NULL),
(1126, 12, 1, 2, 2, 1, 1, 321, NULL, NULL, NULL, NULL),
(1127, 12, 2, 2, 2, 1, 1, 326, NULL, NULL, NULL, NULL),
(1128, 12, 2, 2, 2, 1, 1, 324, NULL, NULL, NULL, NULL),
(1129, 12, 3, 2, 2, 1, 1, 330, NULL, NULL, NULL, NULL),
(1130, 12, 4, 2, 2, 1, 1, 333, NULL, NULL, NULL, NULL),
(1131, 12, 5, 2, 2, 1, 1, 337, NULL, NULL, NULL, NULL),
(1132, 12, 6, 2, 2, 1, 1, 338, NULL, NULL, NULL, NULL),
(1133, 12, 7, 2, 2, 1, 1, 343, NULL, NULL, NULL, NULL),
(1134, 12, 8, 2, 2, 1, 1, 345, NULL, NULL, NULL, NULL),
(1135, 12, 9, 2, 2, 1, 2, 349, NULL, NULL, NULL, NULL),
(1136, 12, 10, 2, 2, 1, 2, 352, NULL, NULL, NULL, NULL),
(1059, 11, 73, NULL, 8, 6, 6, 591, NULL, NULL, NULL, NULL),
(1060, 11, 64, NULL, 9, 6, 1, 556, NULL, NULL, NULL, NULL),
(1056, 11, 70, NULL, 8, 6, 4, 582, NULL, NULL, NULL, NULL),
(1057, 11, 71, NULL, 8, 6, 4, 586, NULL, NULL, NULL, NULL),
(1058, 11, 72, NULL, 8, 6, 4, 589, NULL, NULL, NULL, NULL),
(923, 11, 1, 4, 0, 1, 1, 319, 'NÂ° de commande 5875457', NULL, '2022-06-17', 229),
(924, 11, 2, 4, 0, 1, 1, 326, NULL, NULL, NULL, NULL),
(925, 11, 2, 4, 0, 1, 1, 326, NULL, NULL, NULL, NULL),
(926, 11, 3, 4, 0, 1, 1, 330, NULL, NULL, NULL, NULL),
(927, 11, 4, 4, 0, 1, 1, 333, NULL, NULL, NULL, NULL),
(928, 11, 5, 4, 0, 1, 1, 337, NULL, NULL, NULL, NULL),
(929, 11, 6, 4, 0, 1, 1, 339, NULL, NULL, NULL, NULL),
(930, 11, 7, 4, 0, 1, 1, 343, NULL, NULL, NULL, NULL),
(931, 11, 8, 4, 0, 1, 1, 345, NULL, NULL, NULL, NULL),
(932, 11, 9, 4, 0, 1, 2, 349, NULL, NULL, NULL, NULL),
(933, 11, 10, 4, 0, 1, 2, 353, NULL, NULL, NULL, NULL),
(934, 11, 11, 4, 0, 1, 2, 357, NULL, NULL, NULL, NULL),
(935, 11, 12, 4, 0, 1, 3, 360, NULL, NULL, NULL, NULL),
(936, 11, 13, 4, 0, 1, 3, 366, NULL, NULL, NULL, NULL),
(937, 11, 14, 4, 0, 1, 4, 370, NULL, NULL, NULL, NULL),
(938, 11, 15, 4, 0, 1, 4, 374, NULL, NULL, NULL, NULL),
(939, 11, 16, 4, 0, 1, 4, 378, NULL, NULL, NULL, NULL),
(940, 11, 17, 4, 0, 1, 4, 382, NULL, NULL, NULL, NULL),
(941, 11, 18, 4, 0, 1, 5, 385, NULL, NULL, NULL, NULL),
(942, 11, 19, 4, 0, 1, 5, 389, NULL, NULL, NULL, NULL),
(943, 11, 20, 4, 0, 1, 5, 392, NULL, NULL, NULL, NULL),
(944, 11, 1, 3, 1, 1, 1, 321, NULL, NULL, NULL, NULL),
(945, 11, 2, 3, 1, 1, 1, 326, NULL, NULL, NULL, NULL),
(946, 11, 3, 3, 1, 1, 1, 330, NULL, NULL, NULL, NULL),
(947, 11, 4, 3, 1, 1, 1, 333, NULL, NULL, NULL, NULL),
(948, 11, 5, 3, 1, 1, 1, 337, NULL, NULL, NULL, NULL),
(949, 11, 6, 3, 1, 1, 1, 339, NULL, NULL, NULL, NULL),
(950, 11, 7, 3, 1, 1, 1, 343, NULL, NULL, NULL, NULL),
(951, 11, 8, 3, 1, 1, 1, 345, NULL, NULL, NULL, NULL),
(952, 11, 9, 3, 1, 1, 2, 349, NULL, NULL, NULL, NULL),
(953, 11, 10, 3, 1, 1, 2, 353, NULL, NULL, NULL, NULL),
(954, 11, 11, 3, 1, 1, 2, 357, NULL, NULL, NULL, NULL),
(955, 11, 12, 3, 1, 1, 3, 360, NULL, NULL, NULL, NULL),
(956, 11, 13, 3, 1, 1, 3, 366, NULL, NULL, NULL, NULL),
(957, 11, 13, 3, 1, 1, 3, 366, NULL, NULL, NULL, NULL),
(958, 11, 14, 3, 1, 1, 4, 370, NULL, NULL, NULL, NULL),
(959, 11, 15, 3, 1, 1, 4, 374, NULL, NULL, NULL, NULL),
(960, 11, 16, 3, 1, 1, 4, 378, NULL, NULL, NULL, NULL),
(961, 11, 17, 3, 1, 1, 4, 382, NULL, NULL, NULL, NULL),
(962, 11, 18, 3, 1, 1, 5, 385, NULL, NULL, NULL, NULL),
(963, 11, 19, 3, 1, 1, 5, 388, 'NÂ° de commande 5875457', NULL, '2022-06-17', 229),
(964, 11, 20, 3, 1, 1, 5, 392, NULL, NULL, NULL, NULL),
(965, 11, 1, 2, 2, 1, 1, 321, NULL, NULL, NULL, NULL),
(966, 11, 2, 2, 2, 1, 1, 326, NULL, NULL, NULL, NULL),
(967, 11, 2, 2, 2, 1, 1, 326, NULL, NULL, NULL, NULL),
(968, 11, 3, 2, 2, 1, 1, 330, NULL, NULL, NULL, NULL),
(969, 11, 4, 2, 2, 1, 1, 333, NULL, NULL, NULL, NULL),
(970, 11, 5, 2, 2, 1, 1, 337, NULL, NULL, NULL, NULL),
(971, 11, 6, 2, 2, 1, 1, 339, NULL, NULL, NULL, NULL),
(972, 11, 7, 2, 2, 1, 1, 343, NULL, NULL, NULL, NULL),
(973, 11, 8, 2, 2, 1, 1, 345, NULL, NULL, NULL, NULL),
(974, 11, 9, 2, 2, 1, 2, 349, NULL, NULL, NULL, NULL),
(975, 11, 10, 2, 2, 1, 2, 353, NULL, NULL, NULL, NULL),
(976, 11, 11, 2, 2, 1, 2, 357, NULL, NULL, NULL, NULL),
(977, 11, 12, 2, 2, 1, 3, 360, NULL, NULL, NULL, NULL),
(978, 11, 13, 2, 2, 1, 3, 366, NULL, NULL, NULL, NULL),
(979, 11, 14, 2, 2, 1, 4, 370, NULL, NULL, NULL, NULL),
(980, 11, 15, 2, 2, 1, 4, 374, NULL, NULL, NULL, NULL),
(981, 11, 16, 2, 2, 1, 4, 378, NULL, NULL, NULL, NULL),
(982, 11, 17, 2, 2, 1, 4, 382, NULL, NULL, NULL, NULL),
(983, 11, 18, 2, 2, 1, 5, 385, NULL, NULL, NULL, NULL),
(984, 11, 19, 2, 2, 1, 5, 389, NULL, NULL, NULL, NULL),
(985, 11, 20, 2, 2, 1, 5, 392, NULL, NULL, NULL, NULL),
(986, 11, 1, 1, 3, 1, 1, 321, NULL, NULL, NULL, NULL),
(987, 11, 2, 1, 3, 1, 1, 326, NULL, NULL, NULL, NULL),
(988, 11, 3, 1, 3, 1, 1, 330, NULL, NULL, NULL, NULL),
(989, 11, 4, 1, 3, 1, 1, 333, NULL, NULL, NULL, NULL),
(990, 11, 5, 1, 3, 1, 1, 337, NULL, NULL, NULL, NULL),
(991, 11, 6, 1, 3, 1, 1, 339, NULL, NULL, NULL, NULL),
(992, 11, 7, 1, 3, 1, 1, 343, NULL, NULL, NULL, NULL),
(993, 11, 8, 1, 3, 1, 1, 345, NULL, NULL, NULL, NULL),
(994, 11, 9, 1, 3, 1, 2, 349, NULL, NULL, NULL, NULL),
(995, 11, 10, 1, 3, 1, 2, 353, NULL, NULL, NULL, NULL),
(996, 11, 11, 1, 3, 1, 2, 357, NULL, NULL, NULL, NULL),
(997, 11, 12, 1, 3, 1, 3, 360, NULL, NULL, NULL, NULL),
(998, 11, 13, 1, 3, 1, 3, 366, NULL, NULL, NULL, NULL),
(999, 11, 13, 1, 3, 1, 3, 366, NULL, NULL, NULL, NULL),
(1000, 11, 14, 1, 3, 1, 4, 370, NULL, NULL, NULL, NULL),
(1001, 11, 15, 1, 3, 1, 4, 374, NULL, NULL, NULL, NULL),
(1002, 11, 16, 1, 3, 1, 4, 378, NULL, NULL, NULL, NULL),
(1003, 11, 17, 1, 3, 1, 4, 382, NULL, NULL, NULL, NULL),
(1004, 11, 18, 1, 3, 1, 5, 385, NULL, NULL, NULL, NULL),
(1005, 11, 19, 1, 3, 1, 5, 389, NULL, NULL, NULL, NULL),
(1006, 11, 20, 1, 3, 1, 5, 392, NULL, NULL, NULL, NULL),
(1007, 11, 21, NULL, 4, 2, 1, 394, NULL, NULL, NULL, NULL),
(1008, 11, 22, NULL, 4, 2, 1, 397, NULL, NULL, NULL, NULL),
(1009, 11, 23, NULL, 4, 2, 1, 401, NULL, NULL, NULL, NULL),
(1010, 11, 24, NULL, 4, 2, 1, 403, NULL, NULL, NULL, NULL),
(1011, 11, 25, NULL, 4, 2, 1, 408, NULL, NULL, NULL, NULL),
(1012, 11, 26, NULL, 4, 2, 1, 412, NULL, NULL, NULL, NULL),
(1013, 11, 27, NULL, 4, 2, 3, 415, NULL, NULL, NULL, NULL),
(1014, 11, 28, NULL, 4, 2, 3, 421, NULL, NULL, NULL, NULL),
(1015, 11, 29, NULL, 4, 2, 4, 425, NULL, NULL, NULL, NULL),
(1016, 11, 30, NULL, 4, 2, 4, 430, NULL, NULL, NULL, NULL),
(1017, 11, 31, NULL, 4, 2, 4, 434, NULL, NULL, NULL, NULL),
(1018, 11, 32, NULL, 4, 2, 4, 438, NULL, NULL, NULL, NULL),
(1019, 11, 33, NULL, 4, 2, 4, 443, NULL, NULL, NULL, NULL),
(1020, 11, 34, NULL, 4, 2, 5, 446, NULL, NULL, NULL, NULL),
(1021, 11, 35, NULL, 5, 3, 1, 448, NULL, NULL, NULL, NULL),
(1022, 11, 36, NULL, 5, 3, 1, 452, NULL, NULL, NULL, NULL),
(1023, 11, 37, NULL, 5, 3, 1, 457, NULL, NULL, NULL, NULL),
(1024, 11, 38, NULL, 5, 3, 3, 461, NULL, NULL, NULL, NULL),
(1025, 11, 39, NULL, 5, 3, 3, 467, NULL, NULL, NULL, NULL),
(1026, 11, 40, NULL, 5, 3, 4, 471, NULL, NULL, NULL, NULL),
(1027, 11, 41, NULL, 5, 3, 4, 474, NULL, NULL, NULL, NULL),
(1028, 11, 42, NULL, 5, 3, 4, 478, NULL, NULL, NULL, NULL),
(1029, 11, 43, NULL, 5, 3, 4, 481, NULL, NULL, NULL, NULL),
(1030, 11, 44, NULL, 5, 3, 6, 483, NULL, NULL, NULL, NULL),
(1031, 11, 45, NULL, 6, 4, 1, 487, NULL, NULL, NULL, NULL),
(1032, 11, 46, NULL, 6, 4, 3, 491, NULL, NULL, NULL, NULL),
(1033, 11, 47, NULL, 6, 4, 3, 497, NULL, NULL, NULL, NULL),
(1034, 11, 48, NULL, 6, 4, 4, 501, NULL, NULL, NULL, NULL),
(1035, 11, 49, NULL, 6, 4, 4, 504, NULL, NULL, NULL, NULL),
(1036, 11, 50, NULL, 6, 4, 4, 508, NULL, NULL, NULL, NULL),
(1037, 11, 51, NULL, 6, 4, 6, 512, NULL, NULL, NULL, NULL),
(1038, 11, 52, NULL, 6, 4, 6, 514, NULL, NULL, NULL, NULL),
(1039, 11, 53, NULL, 6, 4, 5, 517, NULL, NULL, NULL, NULL),
(1040, 11, 54, NULL, 7, 5, 1, 519, NULL, NULL, NULL, NULL),
(1041, 11, 55, NULL, 7, 5, 1, 523, NULL, NULL, NULL, NULL),
(1042, 11, 56, NULL, 7, 5, 1, 528, NULL, NULL, NULL, NULL),
(1043, 11, 57, NULL, 7, 5, 3, 532, NULL, NULL, NULL, NULL),
(1044, 11, 58, NULL, 7, 5, 3, 538, NULL, NULL, NULL, NULL),
(1045, 11, 59, NULL, 7, 5, 4, 542, NULL, NULL, NULL, NULL),
(1046, 11, 60, NULL, 7, 5, 4, 545, NULL, NULL, NULL, NULL),
(1047, 11, 61, NULL, 7, 5, 4, 549, NULL, NULL, NULL, NULL),
(1048, 11, 62, NULL, 7, 5, 4, 552, NULL, NULL, NULL, NULL),
(1049, 11, 63, NULL, 7, 5, 6, 554, NULL, NULL, NULL, NULL),
(1050, 11, 64, NULL, 8, 6, 1, 556, NULL, NULL, NULL, NULL),
(1051, 11, 65, NULL, 8, 6, 1, 560, NULL, NULL, NULL, NULL),
(1052, 11, 66, NULL, 8, 6, 1, 565, NULL, NULL, NULL, NULL),
(1053, 11, 67, NULL, 8, 6, 3, 569, NULL, NULL, NULL, NULL),
(1054, 11, 68, NULL, 8, 6, 3, 575, NULL, NULL, NULL, NULL),
(1055, 11, 69, NULL, 8, 6, 4, 579, NULL, NULL, NULL, NULL);

-- --------------------------------------------------------

--
-- Structure de la table `montee`
--

DROP TABLE IF EXISTS `montee`;
CREATE TABLE IF NOT EXISTS `montee` (
  `id` int(11) NOT NULL,
  `NumGroupe` int(11) NOT NULL,
  `Adresse1` varchar(100) NOT NULL,
  `Adresse2` varchar(100) DEFAULT NULL,
  `CodePostal` int(11) NOT NULL,
  `Commune` varchar(50) NOT NULL,
  `Quartier` varchar(50) NOT NULL,
  `id_secteur` int(11) NOT NULL,
  `Nombre_etage` int(11) NOT NULL,
  `id_utilisateur` int(11) NOT NULL,
  PRIMARY KEY (`id`)
) ENGINE=MyISAM DEFAULT CHARSET=utf8;

--
-- Déchargement des données de la table `montee`
--

INSERT INTO `montee` (`id`, `NumGroupe`, `Adresse1`, `Adresse2`, `CodePostal`, `Commune`, `Quartier`, `id_secteur`, `Nombre_etage`, `id_utilisateur`) VALUES
(10101, 1, 'RUE PASTEUR', NULL, 59110, 'LA MADELEINE', 'LA MADELEINE', 1, 1, 7),
(10201, 1, '107 RUE PASTEUR', NULL, 59110, 'LA MADELEINE', 'LA MADELEINE', 1, 3, 7),
(20101, 2, 'RUE FONTAINE', NULL, 59110, 'LA MADELEINE', 'LA MAELEINE CENTRE', 1, 3, 7),
(30101, 3, 'CITE SAINT CHARLES', NULL, 59110, 'LA MADELEINE', 'SAINT CHARLES', 1, 3, 7),
(30102, 3, 'RUE SAINT CHARLES', NULL, 59110, 'LA MADELEINE', 'SAINT CHARLES', 1, 3, 7),
(40101, 4, 'RUE DE LA GENDARMERIE', NULL, 59560, 'COMINES', 'COMINES GENDARMERIE', 7, 3, 7),
(40102, 4, 'RUE GUYNEMER', NULL, 59560, 'COMINES', 'COMINES GENDARMERIE', 7, 3, 7),
(40103, 4, 'RUE DE FLANDRE', NULL, 59560, 'COMINES', 'COMINES GENDARMERIE', 2, 4, 3),
(50101, 5, '2A/1 RUE SAINT CHARLES', NULL, 59110, 'LA MADELEINE', 'SAINT CHARLES', 1, 1, 3),
(50102, 5, '2A/2 RUE SAINT CHARLES', NULL, 59110, 'LA MADELEINE', 'SAINT CHARLES', 1, 2, 3),
(50201, 5, '2B RUE SAINT CHARLES', NULL, 59110, 'LA MADELEINE', 'SAINT CHARLES', 1, 3, 3),
(60101, 6, 'RUE DE LA BRIQUETERIE', NULL, 59700, 'MARCQ EN BAROEUL', 'BRIQUETERIE', 3, 0, 3),
(60102, 6, 'RUE HENRI DUNANT', NULL, 59700, 'MARCQ EN BAROEUL', 'BRIQUETERIE', 3, 2, 3),
(70102, 7, '154 RUE GAMBETTA', NULL, 59560, 'COMINES', 'COMINES CENTRE', 7, 1, 3),
(80101, 8, '61 RUE ROBERT SCHUMAN', NULL, 59700, 'MARCQ EN BAROEUL', 'MARCQ EN BAROEUL', 3, 3, 6),
(80102, 8, '61 RUE ROBERT SCHUMAN', NULL, 59700, 'MARCQ EN BAROEUL', 'MARCQ EN BAROEUL', 3, 3, 6),
(80103, 8, '65 RUE ROBERT SCHUMAN', NULL, 59700, 'MARCQ EN BAROEUL', 'MARCQ EN BAROEUL', 3, 3, 6),
(80104, 8, '67 RUE ROBERT SCHUMAN', NULL, 59700, 'MARCQ EN BAROEUL', 'MARCQ EN BAROEUL', 3, 3, 6),
(80105, 8, '69 RUE ROBERT SCHUMAN', NULL, 59700, 'MARCQ EN BAROEUL', 'MARCQ EN BAROEUL', 3, 3, 227),
(90101, 9, '2 SQUARE FICHAUX', NULL, 59110, 'LA MADELEINE', 'BERKEM', 1, 3, 227),
(90103, 9, '6 SQUARE FICHAUX', NULL, 59110, 'LA MADELEINE', 'BERKEM', 1, 3, 227),
(90104, 9, '8 SQUARE FICHAUX', NULL, 59110, 'LA MADELEINE', 'BERKEM', 1, 3, 227),
(90201, 9, '10 SQUARE FICHAUX', NULL, 59110, 'LA MADELEINE', 'BERKEM', 1, 3, 249),
(70101, 0, '47 RUE DE QUESNOY', NULL, 59560, 'COMINES', 'COMINES CENTRE', 7, 3, 249),
(90102, 9, '4 SQUARE FICHAUX', NULL, 59110, 'LA MADELEINE', 'BERKEM', 1, 3, 249),
(90301, 9, '12 SQUARE FICHAUX', NULL, 59110, 'LA MADELEINE', 'BERKEM', 1, 3, 249);

-- --------------------------------------------------------

--
-- Structure de la table `t_question`
--

DROP TABLE IF EXISTS `t_question`;
CREATE TABLE IF NOT EXISTS `t_question` (
  `id` bigint(20) UNSIGNED NOT NULL AUTO_INCREMENT,
  `Libelle` varchar(75) NOT NULL,
  `id_zone` int(11) NOT NULL,
  `id_type` int(11) NOT NULL,
  PRIMARY KEY (`id`),
  UNIQUE KEY `id` (`id`)
) ENGINE=MyISAM AUTO_INCREMENT=95 DEFAULT CHARSET=utf8;

--
-- Déchargement des données de la table `t_question`
--

INSERT INTO `t_question` (`id`, `Libelle`, `id_zone`, `id_type`) VALUES
(1, 'Blocs autonomes / secours', 1, 1),
(2, 'Extincteurs', 1, 1),
(3, 'Colonne s&egrave;che', 1, 1),
(4, 'Ex&eacute;cutoire de fum&eacute;e', 1, 1),
(5, 'Presence &eacute;chelle acces toiture', 1, 1),
(6, 'Barre de maintient &eacute;chelle acces toiture', 1, 1),
(7, 'Dispositif de commande de d&eacute;semfumage', 1, 1),
(8, 'Signal&eacute;tique (Eau , Gaz, Elec, Colonne s&egrave;che)', 1, 1),
(9, 'Etat g&eacute;n&eacute;ral de la cabine', 1, 2),
(10, 'M&eacute;canisme ouverture de porte', 1, 2),
(11, 'Machinerie ascenseur', 1, 2),
(12, 'Etat de l\'&eacute;clairage', 1, 3),
(13, 'Etat des &eacute;quipements &eacute;lectriques', 1, 3),
(14, 'Etat des portes sur cage escalier', 1, 4),
(15, 'Etat du ferme porte', 1, 4),
(16, 'Gaines techniques ( Eau et Elec )', 1, 4),
(17, 'Gaines techniques (GAZ)', 1, 4),
(18, 'Escaliers / marches', 1, 5),
(19, 'Garde corps / main courante', 1, 5),
(20, 'Revetement de sol', 1, 5),
(21, 'Plan d evacuation', 2, 1),
(22, 'Dispositif de commande de desemfumage', 2, 1),
(23, 'Bloc autonome / secours', 2, 1),
(24, 'Cle de coupure gaz', 2, 1),
(25, 'Extincteur', 2, 1),
(26, 'Colonne seche', 2, 1),
(27, 'Fonctionnement de l eclairage', 2, 3),
(28, 'Equipements electrique', 2, 3),
(29, 'Porte d immeuble', 2, 4),
(30, 'Logette gaine technique', 2, 4),
(31, 'Gaines techniques ( Eau et Elec )', 2, 4),
(32, 'Gaines Techniques (GAZ)', 2, 4),
(33, 'Portes sur locaux annexes', 2, 4),
(34, 'Revetement de sol', 2, 5),
(35, 'Etat du plafond coupe feu', 3, 1),
(36, 'Bloc autonome / secours', 3, 1),
(37, 'extincteurs', 3, 1),
(38, 'Etat de l eclairage', 3, 3),
(39, 'Equipements electrique', 3, 3),
(40, 'Etat de la porte', 3, 4),
(41, 'Fermeture porte acces local OM', 3, 4),
(42, 'Etat du ferme porte', 3, 4),
(43, 'Ventilation du local', 3, 4),
(44, 'Encombrant', 3, 6),
(45, 'Bloc autonome/issue secours', 4, 1),
(46, 'Etat de l eclairage', 4, 3),
(47, 'Etat  des equipements electriques', 4, 3),
(48, 'Porte acces aux caves', 4, 4),
(49, 'Fermeture porte acces aux caves', 4, 4),
(50, 'Etat du ferme porte', 4, 4),
(51, 'Etat des circulations', 4, 6),
(52, 'Rampe incline acces caves exterieurs', 4, 6),
(53, 'Etat des marches d acces', 4, 5),
(54, 'Etat du plafond coupe feu', 5, 1),
(55, 'Bloc autonome / secours', 5, 1),
(56, 'extincteurs', 5, 1),
(57, 'Etat de l eclairage', 5, 3),
(58, 'Equipements electrique', 5, 3),
(59, 'Etat de la porte	', 5, 4),
(60, 'Fermeture porte acces local OM', 5, 4),
(61, 'Etat du ferme porte', 5, 4),
(62, 'Ventilation du local', 5, 4),
(63, 'Encombrant', 5, 6),
(64, 'Etat du plafond coupe feu', 6, 1),
(65, 'Bloc autonome / secours', 6, 1),
(66, 'extincteurs', 6, 1),
(67, 'Etat de l eclairage', 6, 3),
(68, 'Equipements electrique', 6, 3),
(69, 'Etat de la porte	', 6, 4),
(70, 'Fermeture porte acces local OM', 6, 4),
(71, 'Etat du ferme porte', 6, 4),
(72, 'Ventilation du local', 6, 4),
(73, 'Encombrant', 6, 6),
(74, 'Condition d acces', 7, 5),
(75, 'Acces condamne à cles', 7, 5),
(76, 'Presence sceau, pelle, bac à sable', 8, 1),
(77, 'Presence encombrant', 8, 1),
(78, 'Bloc autonome', 8, 1),
(79, 'Plan evacuation', 8, 1),
(80, 'Extincteurs', 8, 1),
(81, 'Plafond CF', 8, 1),
(82, 'Etat porte coupe feu / issue secours', 8, 1),
(83, 'Ventilation naturelle', 8, 1),
(84, 'Etat batterie garage', 9, 7),
(85, 'Etat arceaux', 9, 7),
(86, 'Etat des voiries (si prive)', 9, 7),
(87, 'Eclairage normal (si prive)', 9, 3),
(88, 'Revetement pietons', 10, 7),
(89, 'Rampes inclinees', 10, 7),
(90, 'Regards,Bouches d egouts', 10, 7),
(91, 'Eclairage exterieurs (si prive)', 10, 3),
(92, 'Raccords d alimentation des colonnes seches', 10, 1),
(93, 'Coupures gaz', 10, 1),
(94, 'Acces pompiers (si prive)', 10, 1);

-- --------------------------------------------------------

--
-- Structure de la table `t_reponse`
--

DROP TABLE IF EXISTS `t_reponse`;
CREATE TABLE IF NOT EXISTS `t_reponse` (
  `id` bigint(20) UNSIGNED NOT NULL AUTO_INCREMENT,
  `Libelle` varchar(50) NOT NULL,
  `id_question` int(11) NOT NULL,
  `Anomalie` int(11) NOT NULL,
  PRIMARY KEY (`id`),
  UNIQUE KEY `id` (`id`)
) ENGINE=MyISAM AUTO_INCREMENT=656 DEFAULT CHARSET=utf8;

--
-- Déchargement des données de la table `t_reponse`
--

INSERT INTO `t_reponse` (`id`, `Libelle`, `id_question`, `Anomalie`) VALUES
(517, 'RAS', 53, 0),
(516, 'Decolle', 53, 1),
(515, 'Nez de marche casse/fendu', 53, 1),
(514, 'RAS', 52, 0),
(513, 'Mauvais etat du revetement', 52, 1),
(512, 'RAS', 51, 0),
(511, 'Porte cave individuelle manquante', 51, 1),
(510, 'Porte cave individuelle vandalisee', 51, 1),
(509, 'Encombre', 51, 1),
(508, 'RAS', 50, 0),
(507, 'A regler', 50, 1),
(506, 'Manquant', 50, 1),
(505, 'Vandalisee', 50, 1),
(504, 'RAS', 49, 0),
(503, 'quincaillerie manquante/ vandalisee', 49, 1),
(502, 'Sorti avec clef', 49, 1),
(501, 'RAS', 48, 0),
(500, 'A regler', 48, 1),
(499, 'Absente', 48, 1),
(498, 'Vandalisee', 48, 1),
(497, 'RAS', 47, 0),
(496, 'Fil denude', 47, 1),
(495, 'Detecteur manquant', 47, 1),
(494, 'Detecteur vandalise', 47, 1),
(493, 'Interrupteur manquant', 47, 1),
(492, 'Interrupteur vandalise', 47, 1),
(491, 'RAS', 46, 0),
(490, 'fil denude', 46, 1),
(489, 'Vandalisee', 46, 1),
(488, 'Absent', 46, 1),
(487, 'RAS', 45, 0),
(486, 'Batterie HS', 45, 1),
(485, 'Vandalise', 45, 1),
(484, 'Manquant', 45, 1),
(483, 'RAS', 44, 0),
(482, 'Presence encombrant', 44, 1),
(481, 'RAS', 43, 0),
(480, 'Pas de ventilation', 43, 1),
(479, 'Bouche obstruee', 43, 1),
(478, 'RAS', 42, 0),
(477, 'A regler', 42, 1),
(476, 'Manquant', 42, 1),
(475, 'Vandalisee', 42, 1),
(474, 'RAS', 41, 0),
(473, 'Quincaillerie manquante/ vandalisee', 41, 1),
(472, 'Sorti avec clef', 41, 1),
(471, 'RAS', 40, 0),
(470, 'A regler', 40, 1),
(469, 'Absent', 40, 1),
(468, 'Vandalisee', 40, 1),
(467, 'RAS', 39, 0),
(466, 'Fil denude', 39, 1),
(465, 'Detecteur manquant', 39, 1),
(464, 'Detecteur vandalise', 39, 1),
(463, 'Interrupteur manquant', 39, 1),
(462, 'Interrupteur vandalise', 39, 1),
(461, 'RAS', 38, 0),
(460, 'Fil denude', 38, 1),
(459, 'Vandalise', 38, 1),
(458, 'Absent', 38, 1),
(457, 'RAS', 37, 0),
(456, 'Support a revoir', 37, 1),
(455, 'Degoupille', 37, 1),
(454, 'Percute', 37, 1),
(453, 'Absent', 37, 1),
(452, 'RAS', 36, 0),
(451, 'Manquant', 36, 1),
(450, 'Vandalise', 36, 1),
(449, 'Batterie HS', 36, 1),
(448, 'RAS', 35, 0),
(447, 'Flocage / panneau en mauvais etat', 35, 1),
(446, 'RAS', 34, 0),
(445, 'Revetement decolle/troue', 34, 1),
(444, 'Carreau casse/manquant', 34, 1),
(443, 'RAS', 33, 0),
(442, 'Quincaillerie HS/manquante', 33, 1),
(441, 'Mauvais reglage', 33, 1),
(440, 'Ferme porte HS/Manquant', 33, 1),
(439, 'Porte vandalisee', 33, 1),
(438, 'RAS', 32, 0),
(437, 'Batteuse HS', 32, 1),
(436, 'Ventilation bouchee', 32, 1),
(435, 'Encombrees', 32, 1),
(434, 'RAS', 31, 0),
(433, 'Risque contact direct', 31, 1),
(432, 'Batteuse HS', 31, 1),
(431, 'Encombre', 31, 1),
(430, 'RAS', 30, 0),
(429, '', 30, 1),
(428, '', 30, 1),
(427, 'Ferme porte HS/Manquant', 30, 1),
(426, 'Eclairage HS', 30, 1),
(425, 'RAS', 29, 0),
(424, 'Mauvais reglage', 29, 1),
(423, 'Ferme porte HS/ Manquant', 29, 1),
(422, 'Vitrage fendu', 29, 1),
(421, 'RAS', 28, 0),
(420, 'Fil denude', 28, 1),
(419, 'Detecteur manquant', 28, 1),
(418, 'Detecteur vandalise', 28, 1),
(417, 'Interrupteur manquant', 28, 1),
(416, 'Interrupteur vandalise', 28, 1),
(415, 'RAS', 27, 0),
(414, 'Detecteur HS', 27, 1),
(413, 'Globe manquant ou vandalise', 27, 1),
(412, 'RAS', 26, 0),
(411, 'Obstruee', 26, 1),
(410, 'Volant manquant', 26, 1),
(409, 'Bouchon manquant', 26, 1),
(408, 'RAS', 25, 0),
(407, 'Support a revoir', 25, 1),
(406, 'Degoupille', 25, 1),
(405, 'Percute', 25, 1),
(404, 'Absent', 25, 1),
(403, 'RAS', 24, 0),
(402, 'Absente', 24, 1),
(401, 'RAS', 23, 0),
(400, 'Vandalise', 23, 1),
(399, 'Manquant', 23, 1),
(398, 'Batterie HS', 23, 1),
(397, 'RAS', 22, 0),
(396, 'Boitier endommage', 22, 1),
(395, 'Cartouche percutee', 22, 1),
(394, 'RAS', 21, 0),
(393, 'Absent', 21, 1),
(392, 'RAS', 20, 0),
(391, 'Revetement Decolle / Troue', 20, 1),
(390, 'Carreau casse / Manquant', 20, 1),
(389, 'RAS', 19, 0),
(388, 'Barreaudage manquant', 19, 1),
(387, 'Barreaudage deforme', 19, 1),
(386, 'A refixer', 19, 1),
(385, 'RAS', 18, 0),
(384, 'Decolle', 18, 1),
(383, 'Nez de marche casse/fendu', 18, 1),
(382, 'RAS', 17, 0),
(381, 'Batteuse HS', 17, 1),
(380, 'Ventilation bouchee', 17, 1),
(379, 'Encombrees', 17, 1),
(378, 'RAS', 16, 0),
(377, 'Risque contact direct', 16, 1),
(376, 'Batteuse HS', 16, 1),
(375, 'Encombrees', 16, 1),
(374, 'RAS', 15, 0),
(373, 'A regler', 15, 1),
(372, 'Absente', 15, 1),
(371, 'Vandalisee', 15, 1),
(370, 'RAS', 14, 0),
(369, 'A regler', 14, 1),
(368, 'Absente', 14, 1),
(367, 'Vandalisee', 14, 1),
(366, 'RAS', 13, 0),
(365, 'Fil denude', 13, 1),
(364, 'Detecteur manquant', 13, 1),
(363, 'Detecteur vandalise', 13, 1),
(362, 'Interrupteur manquant', 13, 1),
(361, 'Interrupteur vandalise', 13, 1),
(360, 'RAS', 12, 0),
(359, 'Detecteur HS', 12, 1),
(358, 'Globe vandalise/manquant', 12, 1),
(357, 'RAS', 11, 0),
(356, 'Extincteur manquant', 11, 1),
(355, 'Barre de maintient presente', 11, 1),
(354, 'Echelle presente', 11, 1),
(353, 'RAS', 10, 0),
(352, 'Cellule de detection HS', 10, 1),
(351, 'Porte reste fermee', 10, 1),
(350, 'Porte reste ouverte', 10, 1),
(349, 'RAS', 9, 0),
(348, 'Mirroir casse', 9, 1),
(347, 'Bouton Endommage / Manquant', 9, 1),
(346, 'Eclairage HS', 9, 1),
(345, 'RAS', 8, 0),
(344, 'Absente', 8, 1),
(343, 'RAS', 7, 0),
(342, 'Cable sectionne', 7, 1),
(341, 'Boitier endommage', 7, 1),
(340, 'Cartouche percutee', 7, 1),
(339, 'RAS', 6, 0),
(338, 'Barre manquante', 6, 1),
(337, 'RAS', 5, 0),
(336, 'Cadenas absent', 5, 1),
(335, 'Support absent', 5, 1),
(334, 'Absente', 5, 1),
(333, 'RAS', 4, 0),
(332, 'Vandalise', 4, 1),
(331, 'Ouvert', 4, 1),
(330, 'RAS', 3, 0),
(329, 'Obstruee', 3, 1),
(328, 'Volant manquant', 3, 1),
(327, 'Bouchon manquant', 3, 1),
(326, 'RAS', 2, 0),
(325, 'Support a revoir', 2, 1),
(324, 'Degoupille', 2, 1),
(323, 'Percute', 2, 1),
(322, 'Absents', 2, 1),
(321, 'RAS', 1, 0),
(320, 'Batterie HS', 1, 1),
(319, 'Vandalise', 1, 1),
(318, 'Manquant', 1, 1),
(518, 'Flocage / panneau en mauvais etat', 54, 1),
(519, 'RAS', 54, 0),
(520, 'Manquant', 55, 1),
(521, 'Vandalise', 55, 1),
(522, 'Batterie HS', 55, 1),
(523, 'RAS', 55, 0),
(524, 'Absent', 56, 1),
(525, 'Percute', 56, 1),
(526, 'Degoupille', 56, 1),
(527, 'Support a revoir', 56, 1),
(528, 'RAS', 56, 0),
(529, 'Absent', 57, 1),
(530, 'Vandalise', 57, 1),
(531, 'fil denude', 57, 1),
(532, 'RAS', 57, 0),
(533, 'Interrupteur vandalise', 58, 1),
(534, 'Interrupteur manquant', 58, 1),
(535, 'Detecteur vandalise', 58, 1),
(536, 'Detecteur manquant', 58, 1),
(537, 'Fil denude', 58, 1),
(538, 'RAS', 58, 0),
(539, 'Vandalisee', 59, 1),
(540, 'Absente', 59, 1),
(541, 'A regler ', 59, 1),
(542, 'RAS', 59, 0),
(543, 'Sorti avec clef', 60, 1),
(544, 'Quincaillerie manquante/ vandalisee', 60, 1),
(545, 'RAS', 60, 0),
(546, 'Vandalise', 61, 1),
(547, 'Manquant', 61, 1),
(548, 'A regler', 61, 1),
(549, 'RAS', 61, 0),
(550, 'Bouche obstruee', 62, 1),
(551, 'Pas de ventilation', 62, 1),
(552, 'RAS', 62, 0),
(553, 'Presence encombrant', 63, 1),
(554, 'RAS', 63, 0),
(555, 'Flocage / panneau en mauvais etat', 64, 1),
(556, 'RAS', 64, 0),
(557, 'Manquant', 65, 1),
(558, 'Vandalise', 65, 1),
(559, 'Batterie HS', 65, 1),
(560, 'RAS', 65, 0),
(561, 'Absent', 66, 1),
(562, 'Percute', 66, 1),
(563, 'Degoupille', 66, 1),
(564, 'Support a revoir', 66, 1),
(565, 'RAS', 66, 0),
(566, 'Absent', 67, 1),
(567, 'Vandalise', 67, 1),
(568, 'Fil denude', 67, 1),
(569, 'RAS', 67, 0),
(570, 'Interrupteur vandalise', 68, 1),
(571, 'Interrupteur manquant', 68, 1),
(572, 'Detecteur vandalise', 68, 1),
(573, 'Detecteur manquant', 68, 1),
(574, 'Fil denude', 68, 1),
(575, 'RAS', 68, 0),
(576, 'Vandalisee', 69, 1),
(577, 'Absente', 69, 1),
(578, 'A regler ', 69, 1),
(579, 'RAS', 69, 0),
(580, 'Sorti avec clef', 70, 1),
(581, 'Quincaillerie manquante/ vandalisee', 70, 1),
(582, 'RAS', 70, 0),
(583, 'Vandalise', 71, 1),
(584, 'Manquant', 71, 1),
(585, 'A regler', 71, 1),
(586, 'RAS', 71, 0),
(587, 'Bouche obstruee', 72, 1),
(588, 'Pas de ventilation', 72, 1),
(589, 'RAS', 72, 0),
(590, 'Presence encombrant', 73, 1),
(591, 'RAS', 73, 0),
(592, 'Non securiser', 74, 1),
(593, 'RAS', 74, 0),
(594, 'Oui', 75, 1),
(595, 'Non', 75, 0),
(596, 'Sceau manquant', 76, 1),
(597, 'Pelle manquante', 76, 1),
(598, 'Bac a sable', 76, 1),
(599, 'RAS', 76, 0),
(600, 'Oui', 77, 1),
(601, 'RAS', 77, 0),
(602, 'Manquant', 78, 1),
(603, 'Vandalise', 78, 1),
(604, 'Batterie HS', 78, 1),
(605, 'RAS', 78, 0),
(606, 'Present', 79, 0),
(607, 'Absent', 79, 1),
(608, 'Absent', 80, 1),
(609, 'Percute', 80, 1),
(610, 'Degoupille', 80, 1),
(611, 'Support a revoir', 80, 1),
(612, 'RAS', 80, 0),
(613, 'Flocage / panneau en mauvais etat', 81, 1),
(614, 'RAS', 81, 0),
(615, 'Vandalise', 82, 1),
(616, 'Absente', 82, 1),
(617, 'A regler', 82, 1),
(618, 'RAS', 82, 0),
(619, 'Bouche obstrue', 83, 1),
(620, 'Pas de ventilation', 83, 1),
(621, 'RAS', 83, 0),
(622, 'Porte endommagee', 84, 1),
(623, 'RAS', 84, 0),
(624, 'Descelle', 85, 1),
(625, 'Manquant', 85, 1),
(626, 'RAS', 85, 0),
(627, 'Nid de poule', 86, 1),
(628, 'Ressaut', 86, 1),
(629, 'RAS', 86, 0),
(630, 'Insuffisant', 87, 1),
(631, 'HS', 87, 1),
(632, 'RAS', 87, 0),
(633, 'Nid de poule', 88, 1),
(634, 'Ressaut', 88, 1),
(635, 'Retention d eau', 88, 1),
(636, 'RAS', 88, 0),
(637, 'Mauvais etat', 89, 1),
(638, 'RAS', 89, 0),
(639, 'Plaque absente', 90, 1),
(640, 'Sureleve sur passage', 90, 1),
(641, 'Casse', 90, 1),
(642, 'RAS', 90, 0),
(643, 'Insuffisant', 91, 1),
(644, 'HS', 91, 1),
(645, 'RAS', 91, 0),
(646, 'Signalisation absente', 92, 1),
(647, 'Conduit obture', 92, 1),
(648, 'Bouchon absent', 92, 1),
(649, 'RAS', 92, 0),
(650, 'Mauvais etat du coffret', 93, 1),
(651, 'Absence signalisation', 93, 1),
(652, 'RAS', 93, 0),
(653, 'Stationnement sauvage', 94, 1),
(654, 'Signalisation absente', 94, 1),
(655, 'RAS', 94, 0);

-- --------------------------------------------------------

--
-- Structure de la table `t_secteur`
--

DROP TABLE IF EXISTS `t_secteur`;
CREATE TABLE IF NOT EXISTS `t_secteur` (
  `id` bigint(20) UNSIGNED NOT NULL AUTO_INCREMENT,
  `Libelle` varchar(14) DEFAULT NULL,
  PRIMARY KEY (`id`),
  UNIQUE KEY `id` (`id`)
) ENGINE=MyISAM AUTO_INCREMENT=8 DEFAULT CHARSET=utf8;

--
-- Déchargement des données de la table `t_secteur`
--

INSERT INTO `t_secteur` (`id`, `Libelle`) VALUES
(1, 'Secteur 1'),
(2, 'Secteur 2'),
(3, 'Secteur 3'),
(4, 'Secteur 4'),
(5, 'Secteur 5'),
(6, 'Secteur 6'),
(7, 'Secteur 7');

-- --------------------------------------------------------

--
-- Structure de la table `t_type`
--

DROP TABLE IF EXISTS `t_type`;
CREATE TABLE IF NOT EXISTS `t_type` (
  `id` bigint(20) UNSIGNED NOT NULL AUTO_INCREMENT,
  `Libelle` varchar(50) NOT NULL,
  PRIMARY KEY (`id`),
  UNIQUE KEY `id` (`id`)
) ENGINE=MyISAM AUTO_INCREMENT=8 DEFAULT CHARSET=utf8;

--
-- Déchargement des données de la table `t_type`
--

INSERT INTO `t_type` (`id`, `Libelle`) VALUES
(1, 'Securite incendie'),
(2, 'Ascenseur'),
(3, 'Electricite'),
(4, 'Menuiserie'),
(5, 'Gros oeuvre'),
(6, 'Divers'),
(7, 'VRD');

-- --------------------------------------------------------

--
-- Structure de la table `t_zone`
--

DROP TABLE IF EXISTS `t_zone`;
CREATE TABLE IF NOT EXISTS `t_zone` (
  `id` bigint(20) UNSIGNED NOT NULL AUTO_INCREMENT,
  `nom_zone` varchar(50) DEFAULT NULL,
  PRIMARY KEY (`id`),
  UNIQUE KEY `id` (`id`)
) ENGINE=MyISAM AUTO_INCREMENT=11 DEFAULT CHARSET=utf8;

--
-- Déchargement des données de la table `t_zone`
--

INSERT INTO `t_zone` (`id`, `nom_zone`) VALUES
(1, 'Escaliers et paliers d etage'),
(2, 'Hall d entree'),
(3, 'Local ordures menageres'),
(4, 'Caves'),
(5, 'Local Velo'),
(6, 'Local Encombrant'),
(7, 'Locaux techniques'),
(8, 'Parking interieur'),
(9, 'Parking aerien / Batterie garage'),
(10, 'Environnement');

-- --------------------------------------------------------

--
-- Structure de la table `utilisateur`
--

DROP TABLE IF EXISTS `utilisateur`;
CREATE TABLE IF NOT EXISTS `utilisateur` (
  `id` int(20) UNSIGNED NOT NULL,
  `Nom` varchar(50) NOT NULL,
  `Prenom` varchar(50) NOT NULL,
  `Mot_De_Passe` varchar(50) NOT NULL,
  `Email` varchar(320) NOT NULL,
  `Tel` varchar(14) NOT NULL,
  `Type` varchar(50) NOT NULL,
  `id_secteur` int(11) NOT NULL,
  `id_superieur` int(11) DEFAULT NULL,
  `Premiere_connexion` int(1) NOT NULL DEFAULT '0',
  PRIMARY KEY (`id`),
  UNIQUE KEY `id` (`id`)
) ENGINE=MyISAM AUTO_INCREMENT=13 DEFAULT CHARSET=utf8;

--
-- Déchargement des données de la table `utilisateur`
--

INSERT INTO `utilisateur` (`id`, `Nom`, `Prenom`, `Mot_De_Passe`, `Email`, `Tel`, `Type`, `id_secteur`, `id_superieur`, `Premiere_connexion`) VALUES
(247, 'PIEDOR', 'Karine', '2323', '', 'xx.xx.xx.xx.xx', 'GS', 1, NULL, 1),
(229, 'VANDERHAEGEN', 'Sabrina', '0000', '', 'xx.xx.xx.xx.xx', 'GS', 2, NULL, 1),
(234, 'DUJARDIN', 'Yann', '0000', '', 'xx.xx.xx.xx.xx', 'GS', 5, NULL, 0),
(259, 'DUMORTIER', 'Melody', '0000', '', 'xx.xx.xx.xx.xx', 'GS', 7, NULL, 0),
(5, 'BAISEZ', 'Romuald', '2525', '', 'xx.xx.xx.xx.xx', 'GS', 6, NULL, 1),
(241, 'BESNARD', 'Paul-Ewen', '0000', '', 'xx.xx.xx.xx.xx', 'GS', 4, NULL, 0),
(266, 'MAFILLE', 'Xavier', '0000', '', 'xx.xx.xx.xx.xx', 'GS', 4, NULL, 0),
(189, 'DUPONT', 'Nathalie', '8956', '', 'xx.xx.xx.xx.xx', 'GS', 3, NULL, 1),
(163, 'CASTELAIN', 'Jimmy', '4242', '', 'xx.xx.xx.xx.xx', 'AMS', 1, 247, 1),
(24, 'DEBADTS', 'Thierry', '0000', '', 'xx.xx.xx.xx.xx', 'AMS', 1, 247, 0),
(50, 'LARIVIERE', 'Gilles', '8523', '', 'xx.xx.xx.xx.xx', 'AMS', 1, 247, 1),
(56, 'LIETARD', 'Franck', '2323', '', 'xx.xx.xx.xx.xx', 'AMS', 1, 247, 1),
(153, 'SAUMADE', 'David', '0000', '', 'xx.xx.xx.xx.xx', 'AMS', 1, 247, 0),
(3, 'BAILLEUL', 'Jacques', '0000', '', 'xx.xx.xx.xx.xx', 'AMS', 2, 229, 1),
(6, 'BARON', 'Pascal', '0000', '', 'xx.xx.xx.xx.xx', 'AMS', 2, 229, 1),
(7, 'BARON', 'Sylvie', '2323', '', 'xx.xx.xx.xx.xx', 'AMS', 2, 229, 1),
(227, 'VANDERVEKEN', 'Michael', '0000', '', 'xx.xx.xx.xx.xx', 'AMS', 2, 229, 0),
(249, 'VERCAUTEREN', 'Philippe', '0000', '', 'xx.xx.xx.xx.xx', 'AMS', 2, 229, 0),
(223, 'CARDIN', 'Lionel', '2323', '', 'xx.xx.xx.xx.xx', 'AMS', 3, 189, 1),
(16, 'CASOTTI', 'Valerie', '0000', '', 'xx.xx.xx.xx.xx', 'AMS', 4, 189, 0),
(19, 'CHAGAH', 'Karim', '2323', '', 'xx.xx.xx.xx.xx', 'AMS', 3, 189, 1),
(268, 'DELVOYE', 'Kevin', '0000', '', 'xx.xx.xx.xx.xx', 'AMS', 3, 189, 0);

-- --------------------------------------------------------

--
-- Structure de la table `zone`
--

DROP TABLE IF EXISTS `zone`;
CREATE TABLE IF NOT EXISTS `zone` (
  `id` bigint(20) UNSIGNED NOT NULL AUTO_INCREMENT,
  `id_montee` int(11) NOT NULL,
  `id_zone` int(11) NOT NULL,
  `occurence_zone` int(11) NOT NULL,
  `Etage` int(11) DEFAULT NULL,
  PRIMARY KEY (`id`),
  UNIQUE KEY `id` (`id`)
) ENGINE=MyISAM AUTO_INCREMENT=612 DEFAULT CHARSET=utf8;

--
-- Déchargement des données de la table `zone`
--

INSERT INTO `zone` (`id`, `id_montee`, `id_zone`, `occurence_zone`, `Etage`) VALUES
(354, 10101, 10, 0, NULL),
(353, 10101, 9, 0, NULL),
(352, 10101, 1, 0, 1),
(340, 10101, 8, 0, NULL),
(339, 10101, 7, 0, NULL),
(338, 10101, 6, 0, NULL),
(337, 10101, 5, 0, NULL),
(336, 10101, 4, 0, NULL),
(335, 10101, 3, 0, NULL),
(334, 10101, 2, 0, NULL),
(11, 10201, 1, 0, 3),
(12, 10201, 1, 0, 2),
(13, 10201, 1, 0, 1),
(14, 10201, 2, 0, NULL),
(15, 10201, 3, 0, NULL),
(16, 10201, 4, 0, NULL),
(17, 10201, 5, 0, NULL),
(18, 10201, 6, 0, NULL),
(19, 10201, 7, 0, NULL),
(20, 10201, 8, 0, NULL),
(21, 20101, 1, 0, 3),
(22, 20101, 1, 0, 2),
(23, 20101, 1, 0, 1),
(24, 20101, 2, 0, NULL),
(25, 20101, 3, 0, NULL),
(26, 20101, 4, 0, NULL),
(27, 20101, 5, 0, NULL),
(28, 20101, 6, 0, NULL),
(29, 20101, 7, 0, NULL),
(30, 20101, 8, 0, NULL),
(31, 30101, 1, 0, 3),
(32, 30101, 1, 0, 2),
(33, 30101, 1, 0, 1),
(34, 30101, 2, 0, NULL),
(35, 30101, 3, 0, NULL),
(36, 30101, 4, 0, NULL),
(37, 30101, 5, 0, NULL),
(38, 30101, 6, 0, NULL),
(39, 30101, 7, 0, NULL),
(40, 30101, 8, 0, NULL),
(41, 30102, 1, 0, 3),
(42, 30102, 1, 0, 2),
(43, 30102, 1, 0, 1),
(44, 30102, 2, 0, NULL),
(45, 30102, 3, 0, NULL),
(46, 30102, 4, 0, NULL),
(47, 30102, 5, 0, NULL),
(48, 30102, 6, 0, NULL),
(49, 30102, 7, 0, NULL),
(50, 30102, 8, 0, NULL),
(51, 40101, 1, 0, 3),
(52, 40101, 1, 0, 2),
(53, 40101, 1, 0, 1),
(54, 40101, 2, 0, NULL),
(55, 40101, 3, 0, NULL),
(56, 40101, 4, 0, NULL),
(57, 40101, 5, 0, NULL),
(58, 40101, 6, 0, NULL),
(59, 40101, 7, 0, NULL),
(60, 40101, 8, 0, NULL),
(61, 40102, 1, 0, 3),
(62, 40102, 1, 0, 2),
(63, 40102, 1, 0, 1),
(64, 40102, 2, 0, NULL),
(65, 40102, 3, 0, NULL),
(66, 40102, 4, 0, NULL),
(67, 40102, 5, 0, NULL),
(68, 40102, 6, 0, NULL),
(69, 40102, 7, 0, NULL),
(70, 40102, 8, 0, NULL),
(608, 40103, 1, 4, 4),
(586, 50201, 7, 1, NULL),
(597, 40103, 3, 1, NULL),
(610, 40103, 6, 2, NULL),
(576, 60102, 5, 1, NULL),
(584, 50201, 5, 1, NULL),
(581, 50201, 1, 3, 3),
(560, 50102, 6, 1, NULL),
(606, 50101, 2, 1, NULL),
(611, 90201, 2, 1, NULL),
(607, 40103, 1, 3, 3),
(599, 40103, 5, 1, NULL),
(593, 60101, 10, 1, NULL),
(601, 40103, 7, 1, NULL),
(605, 50101, 1, 1, 1),
(594, 40103, 1, 1, 1),
(557, 50102, 1, 2, 2),
(559, 50102, 4, 1, NULL),
(600, 40103, 6, 1, NULL),
(558, 50102, 2, 1, NULL),
(561, 50102, 8, 1, NULL),
(579, 50201, 1, 1, 1),
(598, 40103, 4, 1, NULL),
(591, 50102, 10, 1, NULL),
(582, 50201, 2, 1, NULL),
(580, 50201, 1, 2, 2),
(583, 50201, 3, 1, NULL),
(602, 40103, 8, 1, NULL),
(603, 40103, 9, 1, NULL),
(578, 60102, 10, 1, NULL),
(572, 60102, 1, 1, 1),
(573, 60102, 1, 2, 2),
(574, 60102, 2, 1, NULL),
(575, 60102, 4, 1, NULL),
(486, 70102, 5, 2, NULL),
(477, 70102, 1, 1, 1),
(487, 70102, 10, 1, NULL),
(481, 70102, 3, 1, NULL),
(480, 70102, 2, 1, NULL),
(141, 80101, 1, 0, 3),
(142, 80101, 1, 0, 2),
(143, 80101, 1, 0, 1),
(144, 80101, 2, 0, NULL),
(145, 80101, 3, 0, NULL),
(146, 80101, 4, 0, NULL),
(147, 80101, 5, 0, NULL),
(148, 80101, 6, 0, NULL),
(149, 80101, 7, 0, NULL),
(150, 80101, 8, 0, NULL),
(151, 80102, 1, 0, 3),
(152, 80102, 1, 0, 2),
(153, 80102, 1, 0, 1),
(154, 80102, 2, 0, NULL),
(155, 80102, 3, 0, NULL),
(156, 80102, 4, 0, NULL),
(157, 80102, 5, 0, NULL),
(158, 80102, 6, 0, NULL),
(159, 80102, 7, 0, NULL),
(160, 80102, 8, 0, NULL),
(161, 80103, 1, 0, 3),
(162, 80103, 1, 0, 2),
(163, 80103, 1, 0, 1),
(164, 80103, 2, 0, NULL),
(165, 80103, 3, 0, NULL),
(166, 80103, 4, 0, NULL),
(167, 80103, 5, 0, NULL),
(168, 80103, 6, 0, NULL),
(169, 80103, 7, 0, NULL),
(170, 80103, 8, 0, NULL),
(171, 80104, 1, 0, 3),
(172, 80104, 1, 0, 2),
(173, 80104, 1, 0, 1),
(174, 80104, 2, 0, NULL),
(175, 80104, 3, 0, NULL),
(176, 80104, 4, 0, NULL),
(177, 80104, 5, 0, NULL),
(178, 80104, 6, 0, NULL),
(179, 80104, 7, 0, NULL),
(180, 80104, 8, 0, NULL),
(181, 80105, 1, 0, 3),
(182, 80105, 1, 0, 2),
(183, 80105, 1, 0, 1),
(184, 80105, 2, 0, NULL),
(185, 80105, 3, 0, NULL),
(186, 80105, 4, 0, NULL),
(187, 80105, 5, 0, NULL),
(188, 80105, 6, 0, NULL),
(189, 80105, 7, 0, NULL),
(190, 80105, 8, 0, NULL),
(191, 90101, 1, 0, 3),
(192, 90101, 1, 0, 2),
(193, 90101, 1, 0, 1),
(194, 90101, 2, 0, NULL),
(195, 90101, 3, 0, NULL),
(196, 90101, 4, 0, NULL),
(197, 90101, 5, 0, NULL),
(198, 90101, 6, 0, NULL),
(199, 90101, 7, 0, NULL),
(200, 90101, 8, 0, NULL),
(201, 90103, 1, 0, 3),
(202, 90103, 1, 0, 2),
(203, 90103, 1, 0, 1),
(204, 90103, 2, 0, NULL),
(205, 90103, 3, 0, NULL),
(206, 90103, 4, 0, NULL),
(207, 90103, 5, 0, NULL),
(208, 90103, 6, 0, NULL),
(209, 90103, 7, 0, NULL),
(210, 90103, 8, 0, NULL),
(211, 90104, 1, 0, 3),
(212, 90104, 1, 0, 2),
(213, 90104, 1, 0, 1),
(214, 90104, 2, 0, NULL),
(215, 90104, 3, 0, NULL),
(216, 90104, 4, 0, NULL),
(217, 90104, 5, 0, NULL),
(218, 90104, 6, 0, NULL),
(219, 90104, 7, 0, NULL),
(220, 90104, 8, 0, NULL),
(589, 90201, 1, 3, 3),
(588, 90201, 1, 2, 2),
(587, 90201, 1, 1, 1),
(224, 90201, 2, 0, NULL),
(225, 90201, 3, 0, NULL),
(226, 90201, 4, 0, NULL),
(227, 90201, 5, 0, NULL),
(228, 90201, 6, 0, NULL),
(229, 90201, 7, 0, NULL),
(230, 90201, 8, 0, NULL),
(231, 70101, 1, 0, 3),
(232, 70101, 1, 0, 2),
(233, 70101, 1, 0, 1),
(234, 70101, 2, 0, NULL),
(235, 70101, 3, 0, NULL),
(236, 70101, 4, 0, NULL),
(237, 70101, 5, 0, NULL),
(238, 70101, 6, 0, NULL),
(239, 70101, 7, 0, NULL),
(240, 70101, 8, 0, NULL),
(241, 90102, 1, 0, 3),
(242, 90102, 1, 0, 2),
(243, 90102, 1, 0, 1),
(244, 90102, 2, 0, NULL),
(245, 90102, 3, 0, NULL),
(246, 90102, 4, 0, NULL),
(247, 90102, 5, 0, NULL),
(248, 90102, 6, 0, NULL),
(249, 90102, 7, 0, NULL),
(250, 90102, 8, 0, NULL),
(251, 90301, 1, 0, 3),
(252, 90301, 1, 0, 2),
(253, 90301, 1, 0, 1),
(254, 90301, 2, 0, NULL),
(255, 90301, 3, 0, NULL),
(256, 90301, 4, 0, NULL),
(257, 90301, 5, 0, NULL),
(258, 90301, 6, 0, NULL),
(259, 90301, 7, 0, NULL),
(260, 90301, 8, 0, NULL),
(604, 50101, 10, 1, NULL),
(585, 50201, 6, 1, NULL),
(596, 40103, 2, 1, NULL),
(577, 60102, 6, 1, NULL),
(556, 50102, 1, 1, 1),
(595, 40103, 1, 2, 2),
(485, 70102, 5, 1, NULL),
(484, 70102, 4, 1, NULL);

-- --------------------------------------------------------

--
-- Structure de la table `zone_question`
--

DROP TABLE IF EXISTS `zone_question`;
CREATE TABLE IF NOT EXISTS `zone_question` (
  `id` bigint(20) UNSIGNED NOT NULL AUTO_INCREMENT,
  `id_question` int(11) NOT NULL,
  `id_montee` int(11) NOT NULL,
  `id_zone` int(11) NOT NULL,
  `occurence_zone` int(11) DEFAULT NULL,
  `OCC` int(11) DEFAULT NULL,
  PRIMARY KEY (`id`),
  UNIQUE KEY `id` (`id`)
) ENGINE=MyISAM AUTO_INCREMENT=1069 DEFAULT CHARSET=utf8;

--
-- Déchargement des données de la table `zone_question`
--

INSERT INTO `zone_question` (`id`, `id_question`, `id_montee`, `id_zone`, `occurence_zone`, `OCC`) VALUES
(1, 1, 10101, 1, 1, 1),
(2, 1, 10201, 1, 1, 1),
(3, 1, 20101, 1, 1, 1),
(4, 1, 30101, 1, 1, 1),
(5, 1, 30102, 1, 1, 1),
(6, 1, 40101, 1, 1, 1),
(7, 1, 40102, 1, 1, 1),
(1003, 57, 50201, 5, 1, 1),
(1067, 25, 90201, 2, 2, 1),
(990, 13, 50201, 1, 2, 1),
(15, 1, 80101, 1, 1, 1),
(16, 1, 80102, 1, 1, 1),
(17, 1, 80103, 1, 1, 1),
(18, 1, 80104, 1, 1, 1),
(19, 1, 80105, 1, 1, 1),
(20, 1, 90101, 1, 1, 1),
(21, 1, 90104, 1, 1, 1),
(1009, 12, 90201, 1, 1, 1),
(23, 1, 70101, 1, 1, 1),
(24, 1, 90102, 1, 1, 1),
(25, 1, 90301, 1, 1, 1),
(26, 2, 10101, 1, 1, 1),
(27, 2, 10201, 1, 1, 1),
(28, 2, 20101, 1, 1, 1),
(29, 2, 30101, 1, 1, 1),
(30, 2, 30102, 1, 1, 1),
(31, 2, 40101, 1, 1, 1),
(32, 2, 40102, 1, 1, 1),
(1066, 23, 90201, 2, 2, 1),
(989, 1, 50201, 1, 2, 1),
(40, 2, 80101, 1, 1, 1),
(41, 2, 80102, 1, 1, 1),
(42, 2, 80103, 1, 1, 1),
(43, 2, 80104, 1, 1, 1),
(44, 2, 80105, 1, 1, 1),
(45, 2, 90101, 1, 1, 1),
(46, 2, 90104, 1, 1, 1),
(1008, 2, 90201, 1, 1, 1),
(48, 2, 70101, 1, 1, 1),
(49, 2, 90102, 1, 1, 1),
(50, 2, 90301, 1, 1, 1),
(51, 12, 10101, 1, 1, 1),
(52, 12, 10201, 1, 1, 1),
(53, 12, 20101, 1, 1, 1),
(54, 12, 30101, 1, 1, 1),
(55, 12, 30102, 1, 1, 1),
(56, 12, 40101, 1, 1, 1),
(57, 12, 40102, 1, 1, 1),
(988, 12, 50201, 1, 1, 1),
(1065, 28, 90201, 2, 2, 1),
(987, 2, 50201, 1, 1, 1),
(999, 28, 50201, 2, 1, 1),
(65, 12, 80101, 1, 1, 1),
(66, 12, 80102, 1, 1, 1),
(67, 12, 80103, 1, 1, 1),
(68, 12, 80104, 1, 1, 1),
(69, 12, 80105, 1, 1, 1),
(70, 12, 90101, 1, 1, 1),
(71, 12, 90104, 1, 1, 1),
(1007, 13, 90201, 1, 1, 1),
(73, 12, 70101, 1, 1, 1),
(74, 12, 90102, 1, 1, 1),
(75, 12, 90301, 1, 1, 1),
(76, 13, 10101, 1, 1, 1),
(77, 13, 10201, 1, 1, 1),
(78, 13, 20101, 1, 1, 1),
(79, 13, 30101, 1, 1, 1),
(80, 13, 30102, 1, 1, 1),
(81, 13, 40101, 1, 1, 1),
(82, 13, 40102, 1, 1, 1),
(1044, 87, 40103, 9, 1, 1),
(1040, 46, 40103, 4, 1, 1),
(90, 13, 80101, 1, 1, 1),
(91, 13, 80102, 1, 1, 1),
(92, 13, 80103, 1, 1, 1),
(93, 13, 80104, 1, 1, 1),
(94, 13, 80105, 1, 1, 1),
(95, 13, 90101, 1, 1, 1),
(96, 13, 90104, 1, 1, 1),
(1006, 1, 90201, 1, 1, 1),
(98, 13, 70101, 1, 1, 1),
(99, 13, 90102, 1, 1, 1),
(100, 13, 90301, 1, 1, 1),
(101, 23, 10101, 2, 1, 1),
(102, 23, 10201, 2, 1, 1),
(103, 23, 20101, 2, 1, 1),
(104, 23, 30101, 2, 1, 1),
(105, 23, 30102, 2, 1, 1),
(106, 23, 40101, 2, 1, 1),
(107, 23, 40102, 2, 1, 1),
(1045, 91, 50101, 10, 2, 1),
(922, 12, 50102, 1, 2, 1),
(1039, 47, 40103, 4, 1, 1),
(115, 23, 80101, 2, 1, 1),
(116, 23, 80102, 2, 1, 1),
(117, 23, 80103, 2, 1, 1),
(118, 23, 80104, 2, 1, 1),
(119, 23, 80105, 2, 1, 1),
(120, 23, 90101, 2, 1, 1),
(121, 23, 90104, 2, 1, 1),
(122, 23, 90201, 2, 1, 1),
(123, 23, 70101, 2, 1, 1),
(124, 23, 90102, 2, 1, 1),
(125, 23, 90301, 2, 1, 1),
(126, 25, 10101, 2, 1, 1),
(127, 25, 10201, 2, 1, 1),
(128, 25, 20101, 2, 1, 1),
(129, 25, 30101, 2, 1, 1),
(130, 25, 30102, 2, 1, 1),
(131, 25, 40101, 2, 1, 1),
(132, 25, 40102, 2, 1, 1),
(1047, 13, 50101, 1, 1, 1),
(921, 2, 50102, 1, 2, 1),
(986, 13, 50201, 1, 1, 1),
(1002, 38, 50201, 3, 1, 1),
(140, 25, 80101, 2, 1, 1),
(141, 25, 80102, 2, 1, 1),
(142, 25, 80103, 2, 1, 1),
(143, 25, 80104, 2, 1, 1),
(144, 25, 80105, 2, 1, 1),
(145, 25, 90101, 2, 1, 1),
(146, 25, 90104, 2, 1, 1),
(147, 25, 90201, 2, 1, 1),
(148, 25, 70101, 2, 1, 1),
(149, 25, 90102, 2, 1, 1),
(150, 25, 90301, 2, 1, 1),
(151, 27, 10101, 2, 1, 1),
(152, 27, 10201, 2, 1, 1),
(153, 27, 20101, 2, 1, 1),
(154, 27, 30101, 2, 1, 1),
(155, 27, 30102, 2, 1, 1),
(156, 27, 40101, 2, 1, 1),
(157, 27, 40102, 2, 1, 1),
(1046, 1, 50101, 1, 1, 1),
(920, 13, 50102, 1, 2, 1),
(985, 1, 50201, 1, 1, 1),
(984, 91, 60102, 10, 1, 1),
(165, 27, 80101, 2, 1, 1),
(166, 27, 80102, 2, 1, 1),
(167, 27, 80103, 2, 1, 1),
(168, 27, 80104, 2, 1, 1),
(169, 27, 80105, 2, 1, 1),
(170, 27, 90101, 2, 1, 1),
(171, 27, 90104, 2, 1, 1),
(172, 27, 90201, 2, 1, 1),
(173, 27, 70101, 2, 1, 1),
(174, 27, 90102, 2, 1, 1),
(175, 27, 90301, 2, 1, 1),
(176, 28, 10101, 2, 1, 1),
(177, 28, 10201, 2, 1, 1),
(178, 28, 20101, 2, 1, 1),
(179, 28, 30101, 2, 1, 1),
(180, 28, 30102, 2, 1, 1),
(181, 28, 40101, 2, 1, 1),
(182, 28, 40102, 2, 1, 1),
(1064, 67, 40103, 6, 2, 1),
(919, 1, 50102, 1, 2, 1),
(998, 23, 50201, 2, 1, 1),
(981, 57, 60102, 5, 1, 1),
(190, 28, 80101, 2, 1, 1),
(191, 28, 80102, 2, 1, 1),
(192, 28, 80103, 2, 1, 1),
(193, 28, 80104, 2, 1, 1),
(194, 28, 80105, 2, 1, 1),
(195, 28, 90101, 2, 1, 1),
(196, 28, 90104, 2, 1, 1),
(197, 28, 90201, 2, 1, 1),
(198, 28, 70101, 2, 1, 1),
(199, 28, 90102, 2, 1, 1),
(200, 28, 90301, 2, 1, 1),
(201, 38, 10101, 3, 1, 1),
(202, 38, 10201, 3, 1, 1),
(203, 38, 20101, 3, 1, 1),
(204, 38, 30101, 3, 1, 1),
(205, 38, 30102, 3, 1, 1),
(206, 38, 40101, 3, 1, 1),
(207, 38, 40102, 3, 1, 1),
(1063, 68, 40103, 6, 2, 1),
(997, 25, 50201, 2, 1, 1),
(980, 47, 60102, 4, 1, 1),
(215, 38, 80101, 3, 1, 1),
(216, 38, 80102, 3, 1, 1),
(217, 38, 80103, 3, 1, 1),
(218, 38, 80104, 3, 1, 1),
(219, 38, 80105, 3, 1, 1),
(220, 38, 90101, 3, 1, 1),
(221, 38, 90104, 3, 1, 1),
(222, 38, 90201, 3, 1, 1),
(223, 38, 70101, 3, 1, 1),
(224, 38, 90102, 3, 1, 1),
(225, 38, 90301, 3, 1, 1),
(226, 39, 10101, 3, 1, 1),
(227, 39, 10201, 3, 1, 1),
(228, 39, 20101, 3, 1, 1),
(229, 39, 30101, 3, 1, 1),
(230, 39, 30102, 3, 1, 1),
(231, 39, 40101, 3, 1, 1),
(232, 39, 40102, 3, 1, 1),
(1061, 2, 40103, 1, 4, 2),
(996, 12, 50201, 1, 3, 1),
(979, 46, 60102, 4, 1, 1),
(240, 39, 80101, 3, 1, 1),
(241, 39, 80102, 3, 1, 1),
(242, 39, 80103, 3, 1, 1),
(243, 39, 80104, 3, 1, 1),
(244, 39, 80105, 3, 1, 1),
(245, 39, 90101, 3, 1, 1),
(246, 39, 90104, 3, 1, 1),
(247, 39, 90201, 3, 1, 1),
(248, 39, 70101, 3, 1, 1),
(249, 39, 90102, 3, 1, 1),
(250, 39, 90301, 3, 1, 1),
(251, 46, 10101, 4, 1, 1),
(252, 46, 10201, 4, 1, 1),
(253, 46, 20101, 4, 1, 1),
(254, 46, 30101, 4, 1, 1),
(255, 46, 30102, 4, 1, 1),
(256, 46, 40101, 4, 1, 1),
(257, 46, 40102, 4, 1, 1),
(1060, 12, 40103, 1, 4, 1),
(995, 2, 50201, 1, 3, 1),
(978, 28, 60102, 2, 1, 1),
(265, 46, 80101, 4, 1, 1),
(266, 46, 80102, 4, 1, 1),
(267, 46, 80103, 4, 1, 1),
(268, 46, 80104, 4, 1, 1),
(269, 46, 80105, 4, 1, 1),
(270, 46, 90101, 4, 1, 1),
(271, 46, 90104, 4, 1, 1),
(272, 46, 90201, 4, 1, 1),
(273, 46, 70101, 4, 1, 1),
(274, 46, 90102, 4, 1, 1),
(275, 46, 90301, 4, 1, 1),
(276, 47, 10101, 4, 1, 1),
(277, 47, 10201, 4, 1, 1),
(278, 47, 20101, 4, 1, 1),
(279, 47, 30101, 4, 1, 1),
(280, 47, 30102, 4, 1, 1),
(281, 47, 40101, 4, 1, 1),
(282, 47, 40102, 4, 1, 1),
(1051, 23, 50101, 2, 1, 1),
(977, 23, 60102, 2, 1, 1),
(290, 47, 80101, 4, 1, 1),
(291, 47, 80102, 4, 1, 1),
(292, 47, 80103, 4, 1, 1),
(293, 47, 80104, 4, 1, 1),
(294, 47, 80105, 4, 1, 1),
(295, 47, 90101, 4, 1, 1),
(296, 47, 90104, 4, 1, 1),
(297, 47, 90201, 4, 1, 1),
(298, 47, 70101, 4, 1, 1),
(299, 47, 90102, 4, 1, 1),
(300, 47, 90301, 4, 1, 1),
(301, 57, 10101, 5, 1, 1),
(302, 57, 10201, 5, 1, 1),
(303, 57, 20101, 5, 1, 1),
(304, 57, 30101, 5, 1, 1),
(305, 57, 30102, 5, 1, 1),
(306, 57, 40101, 5, 1, 1),
(307, 57, 40102, 5, 1, 1),
(1050, 28, 50101, 2, 1, 1),
(930, 68, 50102, 6, 1, 1),
(976, 27, 60102, 2, 1, 1),
(693, 91, 70102, 10, 2, 1),
(315, 57, 80101, 5, 1, 1),
(316, 57, 80102, 5, 1, 1),
(317, 57, 80103, 5, 1, 1),
(318, 57, 80104, 5, 1, 1),
(319, 57, 80105, 5, 1, 1),
(320, 57, 90101, 5, 1, 1),
(321, 57, 90104, 5, 1, 1),
(322, 57, 90201, 5, 1, 1),
(323, 57, 70101, 5, 1, 1),
(324, 57, 90102, 5, 1, 1),
(325, 57, 90301, 5, 1, 1),
(326, 67, 10101, 6, 1, 1),
(327, 67, 10201, 6, 1, 1),
(328, 67, 20101, 6, 1, 1),
(329, 67, 30101, 6, 1, 1),
(330, 67, 30102, 6, 1, 1),
(331, 67, 40101, 6, 1, 1),
(332, 67, 40102, 6, 1, 1),
(1049, 2, 50101, 1, 1, 1),
(929, 67, 50102, 6, 1, 1),
(1038, 38, 40103, 3, 1, 1),
(975, 25, 60102, 2, 1, 1),
(340, 67, 80101, 6, 1, 1),
(341, 67, 80102, 6, 1, 1),
(342, 67, 80103, 6, 1, 1),
(343, 67, 80104, 6, 1, 1),
(344, 67, 80105, 6, 1, 1),
(345, 67, 90101, 6, 1, 1),
(346, 67, 90104, 6, 1, 1),
(347, 67, 90201, 6, 1, 1),
(348, 67, 70101, 6, 1, 1),
(349, 67, 90102, 6, 1, 1),
(350, 67, 90301, 6, 1, 1),
(351, 68, 10101, 6, 1, 1),
(352, 68, 10201, 6, 1, 1),
(353, 68, 20101, 6, 1, 1),
(354, 68, 30101, 6, 1, 1),
(355, 68, 30102, 6, 1, 1),
(356, 68, 40101, 6, 1, 1),
(357, 68, 40102, 6, 1, 1),
(1048, 12, 50101, 1, 1, 1),
(928, 47, 50102, 4, 1, 1),
(1037, 39, 40103, 3, 1, 1),
(974, 12, 60102, 1, 2, 1),
(365, 68, 80101, 6, 1, 1),
(366, 68, 80102, 6, 1, 1),
(367, 68, 80103, 6, 1, 1),
(368, 68, 80104, 6, 1, 1),
(369, 68, 80105, 6, 1, 1),
(370, 68, 90101, 6, 1, 1),
(371, 68, 90104, 6, 1, 1),
(372, 68, 90201, 6, 1, 1),
(373, 68, 70101, 6, 1, 1),
(374, 68, 90102, 6, 1, 1),
(375, 68, 90301, 6, 1, 1),
(376, 87, 10101, 9, 1, 1),
(377, 87, 10201, 9, 1, 1),
(378, 87, 20101, 9, 1, 1),
(379, 87, 30101, 9, 1, 1),
(380, 87, 30102, 9, 1, 1),
(381, 87, 40101, 9, 1, 1),
(382, 87, 40102, 9, 1, 1),
(384, 87, 50101, 9, 1, 1),
(927, 46, 50102, 4, 1, 1),
(386, 87, 50201, 9, 1, 1),
(387, 87, 60101, 9, 1, 1),
(1001, 39, 50201, 3, 1, 1),
(389, 87, 70102, 9, 1, 1),
(390, 87, 80101, 9, 1, 1),
(391, 87, 80102, 9, 1, 1),
(392, 87, 80103, 9, 1, 1),
(393, 87, 80104, 9, 1, 1),
(394, 87, 80105, 9, 1, 1),
(395, 87, 90101, 9, 1, 1),
(396, 87, 90104, 9, 1, 1),
(397, 87, 90201, 9, 1, 1),
(398, 87, 70101, 9, 1, 1),
(399, 87, 90102, 9, 1, 1),
(400, 87, 90301, 9, 1, 1),
(401, 91, 10101, 10, 1, 1),
(402, 91, 10201, 10, 1, 1),
(403, 91, 20101, 10, 1, 1),
(404, 91, 30101, 10, 1, 1),
(405, 91, 30102, 10, 1, 1),
(406, 91, 40101, 10, 1, 1),
(407, 91, 40102, 10, 1, 1),
(408, 91, 40103, 10, 1, 1),
(409, 91, 50101, 10, 1, 3),
(410, 91, 50102, 10, 1, 1),
(411, 91, 50201, 10, 1, 1),
(412, 91, 60101, 10, 1, 1),
(1000, 27, 50201, 2, 1, 1),
(414, 91, 70102, 10, 1, 1),
(415, 91, 80101, 10, 1, 1),
(416, 91, 80102, 10, 1, 1),
(417, 91, 80103, 10, 1, 1),
(418, 91, 80104, 10, 1, 1),
(419, 91, 80105, 10, 1, 1),
(420, 91, 90101, 10, 1, 1),
(421, 91, 90104, 10, 1, 1),
(422, 91, 90201, 10, 1, 1),
(423, 91, 70101, 10, 1, 1),
(424, 91, 90102, 10, 1, 1),
(425, 91, 90301, 10, 1, 1),
(1017, 2, 90201, 1, 3, 1),
(1016, 12, 90201, 1, 3, 1),
(1043, 67, 40103, 6, 1, 1),
(1042, 68, 40103, 6, 1, 1),
(1041, 57, 40103, 5, 1, 1),
(918, 12, 50102, 1, 1, 1),
(1026, 13, 40103, 1, 1, 2),
(1024, 91, 60101, 10, 2, 1),
(917, 2, 50102, 1, 1, 1),
(926, 25, 50102, 2, 1, 1),
(925, 23, 50102, 2, 1, 1),
(1055, 13, 40103, 1, 3, 2),
(1054, 1, 40103, 1, 3, 1),
(1032, 2, 40103, 1, 2, 2),
(1059, 13, 40103, 1, 4, 1),
(1058, 1, 40103, 1, 4, 1),
(1036, 27, 40103, 2, 1, 1),
(1035, 25, 40103, 2, 1, 1),
(1034, 23, 40103, 2, 1, 1),
(1033, 28, 40103, 2, 1, 1),
(1019, 91, 50102, 10, 2, 1),
(916, 13, 50102, 1, 1, 1),
(915, 1, 50102, 1, 1, 1),
(1057, 2, 40103, 1, 3, 1),
(1025, 1, 40103, 1, 1, 1),
(1028, 2, 40103, 1, 1, 1),
(1027, 12, 40103, 1, 1, 1),
(994, 13, 50201, 1, 3, 1),
(993, 1, 50201, 1, 3, 1),
(992, 12, 50201, 1, 2, 1),
(991, 2, 50201, 1, 2, 1),
(1068, 27, 90201, 2, 2, 1),
(1056, 12, 40103, 1, 3, 1),
(924, 28, 50102, 2, 1, 1),
(923, 27, 50102, 2, 1, 1),
(1053, 27, 50101, 2, 1, 1),
(1052, 25, 50101, 2, 1, 1),
(1031, 12, 40103, 1, 2, 1),
(1030, 13, 40103, 1, 2, 1),
(1029, 1, 40103, 1, 2, 1),
(983, 67, 60102, 6, 1, 1),
(982, 68, 60102, 6, 1, 1),
(973, 2, 60102, 1, 2, 1),
(972, 13, 60102, 1, 2, 1),
(971, 1, 60102, 1, 2, 1),
(970, 12, 60102, 1, 1, 1),
(969, 2, 60102, 1, 1, 1),
(968, 13, 60102, 1, 1, 1),
(967, 1, 60102, 1, 1, 1),
(1011, 13, 90201, 1, 2, 1),
(1010, 1, 90201, 1, 2, 1),
(1005, 67, 50201, 6, 1, 1),
(1004, 68, 50201, 6, 1, 1),
(1015, 13, 90201, 1, 3, 1),
(1014, 1, 90201, 1, 3, 1),
(1013, 2, 90201, 1, 2, 1),
(1012, 12, 90201, 1, 2, 1),
(692, 57, 70102, 5, 2, 1),
(691, 57, 70102, 5, 1, 1),
(689, 46, 70102, 4, 1, 1),
(690, 47, 70102, 4, 1, 1);
COMMIT;

/*!40101 SET CHARACTER_SET_CLIENT=@OLD_CHARACTER_SET_CLIENT */;
/*!40101 SET CHARACTER_SET_RESULTS=@OLD_CHARACTER_SET_RESULTS */;
/*!40101 SET COLLATION_CONNECTION=@OLD_COLLATION_CONNECTION */;
